record_id,member_id,book_id,borrow_date,due_date,return_date
301,510,180,2024-11-02,2024-11-16,2024-11-10
302,414,213,2023-10-03,2023-10-17,
303,1089,188,2023-12-18,2024-01-01,
304,236,267,2024-03-19,2024-04-02,2024-03-23
305,515,217,2025-02-26,2025-03-12,2025-03-02
306,950,137,2025-07-15,2025-07-29,
307,747,233,2024-10-22,2024-11-05,2024-11-04
308,771,208,2024-03-25,2024-04-08,2024-04-07
309,1114,295,2025-07-30,2025-08-13,2025-08-02
310,295,226,2024-12-14,2024-12-28,2024-12-25
311,625,255,2025-02-24,2025-03-10,2025-02-26
312,461,193,2024-12-05,2024-12-19,2024-12-08
313,234,140,2024-02-15,2024-02-29,2024-02-18
314,831,258,2024-12-06,2024-12-20,2024-12-06
315,743,161,2023-09-15,2023-09-29,2023-09-16
316,281,139,2024-08-27,2024-09-10,
317,812,255,2024-12-22,2025-01-05,2024-12-26
318,731,180,2024-04-24,2024-05-08,2024-05-06
319,961,216,2024-04-07,2024-04-21,2024-04-08
320,324,104,2024-11-07,2024-11-21,2024-11-17
321,731,149,2025-04-23,2025-05-07,2025-04-23
322,383,214,2025-05-07,2025-05-21,2025-05-14
323,252,152,2024-12-06,2024-12-20,
324,652,175,2024-12-28,2025-01-11,2024-12-31
325,738,157,2025-01-26,2025-02-09,
326,967,169,2024-02-21,2024-03-06,2024-03-05
327,759,183,2024-07-31,2024-08-14,2024-08-08
328,823,293,2025-03-08,2025-03-22,2025-03-16
329,969,123,2024-06-07,2024-06-21,2024-06-13
330,414,120,2025-07-26,2025-08-09,2025-07-28
331,1190,206,2025-03-25,2025-04-08,
332,390,149,2025-07-16,2025-07-30,2025-07-19
333,1067,286,2024-12-30,2025-01-13,
334,402,129,2024-04-28,2024-05-12,2024-04-29
335,597,246,2025-05-27,2025-06-10,
336,342,145,2024-08-04,2024-08-18,2024-08-13
337,1020,146,2023-11-27,2023-12-11,2023-11-27
338,620,252,2024-08-27,2024-09-10,2024-09-01
339,204,153,2024-07-19,2024-08-02,2024-07-31
340,583,104,2024-10-29,2024-11-12,
341,665,247,2024-01-30,2024-02-13,2024-02-04
342,515,226,2024-03-28,2024-04-11,2024-04-08
343,469,164,2025-03-04,2025-03-18,2025-03-04
344,884,121,2024-05-16,2024-05-30,2024-05-23
345,370,170,2024-08-03,2024-08-17,2024-08-05
346,657,102,2024-06-21,2024-07-05,2024-06-21
347,339,247,2023-12-21,2024-01-04,2024-01-03
348,1054,141,2024-08-31,2024-09-14,2024-09-02
349,515,299,2025-06-13,2025-06-27,2025-06-20
350,536,296,2023-10-13,2023-10-27,2023-10-21
351,539,163,2024-10-16,2024-10-30,2024-10-19
352,1136,168,2025-01-23,2025-02-06,2025-02-01
353,1143,116,2024-11-22,2024-12-06,2024-11-29
354,873,245,2024-10-15,2024-10-29,2024-10-16
355,326,262,2024-11-04,2024-11-18,2024-11-08
356,848,119,2024-05-01,2024-05-15,2024-05-02
357,878,183,2024-08-01,2024-08-15,2024-08-02
358,264,240,2024-05-07,2024-05-21,2024-05-14
359,238,119,2023-10-09,2023-10-23,2023-10-21
360,951,165,2025-02-18,2025-03-04,2025-02-27
361,283,123,2024-01-25,2024-02-08,2024-01-30
362,601,193,2024-04-29,2024-05-13,
363,864,297,2025-04-25,2025-05-09,2025-05-03
364,950,114,2024-04-15,2024-04-29,
365,516,101,2024-01-03,2024-01-17,
366,1017,133,2024-06-16,2024-06-30,
367,794,261,2025-08-15,2025-08-29,2025-08-15
368,1073,181,2025-01-06,2025-01-20,
369,1065,206,2024-09-25,2024-10-09,2024-09-29
370,221,242,2024-11-25,2024-12-09,
371,807,206,2024-03-18,2024-04-01,2024-03-23
372,973,267,2025-06-22,2025-07-06,2025-06-26
373,395,131,2024-03-17,2024-03-31,
374,534,243,2025-07-22,2025-08-05,
375,543,192,2025-04-04,2025-04-18,2025-04-06
376,808,263,2024-07-04,2024-07-18,
377,503,209,2024-04-12,2024-04-26,2024-04-22
378,946,290,2024-03-26,2024-04-09,2024-03-31
379,432,123,2025-07-30,2025-08-13,2025-08-08
380,358,160,2025-01-07,2025-01-21,
381,831,251,2024-03-28,2024-04-11,2024-04-05
382,519,142,2024-06-23,2024-07-07,2024-07-02
383,988,121,2025-03-18,2025-04-01,
384,488,102,2024-05-06,2024-05-20,2024-05-10
385,943,253,2023-09-28,2023-10-12,2023-10-01
386,278,117,2024-11-12,2024-11-26,2024-11-20
387,534,128,2024-02-28,2024-03-13,2024-03-09
388,878,252,2025-06-26,2025-07-10,
389,1154,194,2025-08-23,2025-09-06,2025-09-03
390,1055,169,2023-10-14,2023-10-28,2023-10-15
391,1131,123,2025-04-22,2025-05-06,2025-04-28
392,363,256,2024-07-24,2024-08-07,
393,404,123,2024-04-30,2024-05-14,2024-05-12
394,802,259,2025-01-18,2025-02-01,2025-01-30
395,901,117,2024-02-02,2024-02-16,2024-02-07
396,1180,250,2025-02-16,2025-03-02,
397,506,192,2024-09-04,2024-09-18,
398,224,260,2025-08-01,2025-08-15,2025-08-06
399,883,185,2024-11-12,2024-11-26,2024-11-20
400,350,124,2024-05-09,2024-05-23,
401,491,217,2024-08-14,2024-08-28,
402,433,123,2025-07-14,2025-07-28,2025-07-17
403,374,188,2025-06-05,2025-06-19,2025-06-16
404,977,240,2025-08-09,2025-08-23,2025-08-22
405,739,270,2024-09-08,2024-09-22,2024-09-17
406,709,189,2025-07-28,2025-08-11,
407,434,218,2024-02-19,2024-03-04,
408,285,160,2024-10-21,2024-11-04,
409,423,295,2024-12-31,2025-01-14,2025-01-09
410,303,257,2024-04-09,2024-04-23,2024-04-21
411,656,102,2024-12-29,2025-01-12,2024-12-29
412,370,147,2025-01-24,2025-02-07,2025-02-05
413,712,196,2025-02-08,2025-02-22,2025-02-10
414,864,136,2024-06-12,2024-06-26,2024-06-15
415,808,108,2025-08-09,2025-08-23,2025-08-18
416,1066,275,2023-09-05,2023-09-19,2023-09-13
417,682,247,2025-07-17,2025-07-31,2025-07-28
418,383,260,2024-07-25,2024-08-08,
419,811,236,2024-09-03,2024-09-17,
420,653,136,2023-09-26,2023-10-10,2023-09-28
421,1170,167,2025-04-19,2025-05-03,2025-04-20
422,228,171,2024-03-29,2024-04-12,2024-04-04
423,1183,210,2025-08-09,2025-08-23,2025-08-17
424,1083,235,2024-08-04,2024-08-18,
425,444,178,2025-02-01,2025-02-15,2025-02-02
426,669,245,2023-12-31,2024-01-14,2024-01-06
427,450,150,2024-10-26,2024-11-09,
428,557,170,2025-03-28,2025-04-11,2025-04-07
429,1116,274,2024-12-01,2024-12-15,2024-12-09
430,1120,116,2024-09-04,2024-09-18,2024-09-05
431,1165,177,2025-03-16,2025-03-30,2025-03-18
432,241,279,2024-05-21,2024-06-04,
433,282,256,2023-11-25,2023-12-09,2023-12-01
434,376,262,2024-07-08,2024-07-22,2024-07-09
435,756,270,2023-09-22,2023-10-06,
436,1058,219,2024-12-19,2025-01-02,
437,248,160,2025-02-07,2025-02-21,2025-02-09
438,939,172,2024-03-07,2024-03-21,2024-03-18
439,1132,163,2023-12-20,2024-01-03,2023-12-24
440,991,271,2023-11-19,2023-12-03,2023-11-20
441,340,293,2024-04-03,2024-04-17,2024-04-06
442,1179,293,2023-12-18,2024-01-01,2023-12-31
443,363,115,2024-10-04,2024-10-18,2024-10-10
444,573,194,2024-08-02,2024-08-16,
445,1104,269,2025-03-21,2025-04-04,2025-03-29
446,432,113,2025-01-02,2025-01-16,
447,1199,104,2024-01-22,2024-02-05,2024-01-31
448,1081,205,2024-02-06,2024-02-20,2024-02-13
449,258,152,2024-01-06,2024-01-20,
450,957,277,2025-06-10,2025-06-24,2025-06-17
451,822,114,2024-05-11,2024-05-25,
452,1189,142,2024-10-26,2024-11-09,
453,383,262,2023-12-04,2023-12-18,2023-12-07
454,201,204,2024-07-02,2024-07-16,2024-07-08
455,762,200,2025-03-15,2025-03-29,2025-03-23
456,947,141,2023-11-14,2023-11-28,2023-11-18
457,955,129,2025-01-19,2025-02-02,
458,427,266,2023-09-19,2023-10-03,2023-09-29
459,318,252,2024-10-20,2024-11-03,2024-10-26
460,943,268,2025-03-29,2025-04-12,2025-03-30
461,394,222,2025-04-22,2025-05-06,2025-05-02
462,1082,295,2025-05-06,2025-05-20,2025-05-15
463,450,261,2023-10-06,2023-10-20,2023-10-18
464,897,112,2025-03-21,2025-04-04,2025-03-25
465,206,275,2024-11-27,2024-12-11,2024-12-03
466,778,269,2023-12-07,2023-12-21,2023-12-10
467,962,106,2025-05-31,2025-06-14,2025-06-01
468,442,156,2024-04-14,2024-04-28,
469,1131,243,2023-11-19,2023-12-03,
470,830,128,2025-04-24,2025-05-08,2025-05-04
471,1078,266,2025-05-29,2025-06-12,2025-06-02
472,292,109,2024-08-24,2024-09-07,2024-09-06
473,844,216,2024-02-10,2024-02-24,
474,247,133,2024-02-06,2024-02-20,2024-02-07
475,789,245,2025-07-03,2025-07-17,2025-07-09
476,882,231,2025-01-16,2025-01-30,2025-01-18
477,1133,108,2023-09-08,2023-09-22,2023-09-12
478,817,181,2024-10-11,2024-10-25,
479,1080,289,2024-11-29,2024-12-13,2024-12-02
480,536,182,2025-06-05,2025-06-19,
481,378,207,2024-10-18,2024-11-01,2024-10-25
482,1085,130,2025-04-28,2025-05-12,2025-05-05
483,523,295,2025-02-10,2025-02-24,2025-02-23
484,928,142,2024-11-10,2024-11-24,
485,218,195,2025-06-04,2025-06-18,
486,410,212,2025-06-29,2025-07-13,2025-07-05
487,846,173,2024-07-12,2024-07-26,2024-07-23
488,458,117,2025-01-07,2025-01-21,
489,758,119,2025-04-09,2025-04-23,
490,246,267,2025-01-24,2025-02-07,2025-01-25
491,852,217,2024-07-31,2024-08-14,2024-08-06
492,540,108,2024-03-29,2024-04-12,2024-03-29
493,604,175,2024-02-29,2024-03-14,2024-03-04
494,515,271,2025-05-07,2025-05-21,2025-05-07
495,243,186,2023-12-29,2024-01-12,2023-12-30
496,468,281,2025-05-08,2025-05-22,
497,1162,160,2024-07-28,2024-08-11,2024-08-06
498,544,252,2025-08-30,2025-09-13,
499,584,195,2024-12-22,2025-01-05,
500,210,205,2025-01-27,2025-02-10,
501,460,110,2023-09-14,2023-09-28,2023-09-18
502,1051,197,2024-11-11,2024-11-25,2024-11-11
503,273,214,2025-06-08,2025-06-22,
504,687,296,2023-11-27,2023-12-11,2023-12-03
505,613,147,2025-01-05,2025-01-19,2025-01-13
506,742,269,2024-07-11,2024-07-25,2024-07-23
507,467,267,2024-01-27,2024-02-10,2024-02-03
508,938,263,2024-09-01,2024-09-15,2024-09-14
509,219,185,2024-10-04,2024-10-18,
510,805,164,2023-09-04,2023-09-18,2023-09-12
511,1192,171,2024-02-04,2024-02-18,
512,1145,111,2024-06-28,2024-07-12,2024-07-01
513,473,250,2024-07-14,2024-07-28,2024-07-21
514,515,146,2025-08-07,2025-08-21,2025-08-12
515,242,282,2025-03-01,2025-03-15,2025-03-04
516,336,238,2025-08-09,2025-08-23,2025-08-19
517,366,159,2025-08-14,2025-08-28,2025-08-27
518,256,245,2025-08-24,2025-09-07,2025-08-26
519,1167,168,2024-09-23,2024-10-07,2024-09-23
520,1198,298,2025-08-26,2025-09-09,2025-08-29
521,663,214,2024-01-01,2024-01-15,2024-01-10
522,202,123,2024-12-14,2024-12-28,2024-12-18
523,1029,212,2023-09-16,2023-09-30,2023-09-22
524,635,275,2025-05-22,2025-06-05,2025-05-25
525,485,173,2025-08-25,2025-09-08,2025-09-05
526,606,214,2023-10-05,2023-10-19,2023-10-08
527,1103,103,2025-03-15,2025-03-29,
528,827,219,2025-01-31,2025-02-14,
529,932,288,2024-01-17,2024-01-31,2024-01-27
530,566,252,2024-07-20,2024-08-03,2024-07-21
531,1153,265,2024-10-15,2024-10-29,2024-10-27
532,898,289,2024-01-06,2024-01-20,2024-01-13
533,578,124,2023-10-22,2023-11-05,
534,1010,222,2023-10-16,2023-10-30,2023-10-28
535,1057,135,2023-09-13,2023-09-27,2023-09-18
536,358,207,2025-04-16,2025-04-30,2025-04-22
537,442,201,2025-02-22,2025-03-08,2025-02-26
538,850,183,2025-05-09,2025-05-23,2025-05-15
539,453,298,2025-08-13,2025-08-27,2025-08-26
540,867,287,2024-10-13,2024-10-27,2024-10-25
541,452,147,2025-02-16,2025-03-02,2025-02-19
542,246,121,2024-07-28,2024-08-11,
543,705,142,2025-03-07,2025-03-21,2025-03-14
544,853,112,2025-02-19,2025-03-05,2025-02-24
545,888,299,2025-05-31,2025-06-14,2025-06-04
546,505,259,2024-12-22,2025-01-05,
547,675,287,2025-04-16,2025-04-30,2025-04-22
548,1200,296,2024-09-23,2024-10-07,2024-10-05
549,377,299,2025-04-21,2025-05-05,
550,1131,257,2025-02-16,2025-03-02,2025-02-22
551,1033,157,2023-10-29,2023-11-12,
552,1000,260,2024-01-06,2024-01-20,2024-01-08
553,600,198,2025-06-12,2025-06-26,
554,424,224,2024-01-31,2024-02-14,2024-01-31
555,819,149,2024-12-28,2025-01-11,2025-01-09
556,1195,190,2025-03-20,2025-04-03,
557,203,138,2024-02-04,2024-02-18,
558,251,149,2024-01-27,2024-02-10,2024-02-04
559,679,185,2024-03-02,2024-03-16,2024-03-12
560,527,120,2024-11-07,2024-11-21,
561,1024,109,2024-07-03,2024-07-17,2024-07-16
562,367,278,2024-12-09,2024-12-23,2024-12-16
563,369,261,2024-09-08,2024-09-22,2024-09-09
564,872,215,2023-10-14,2023-10-28,
565,987,160,2024-01-24,2024-02-07,
566,1104,257,2024-12-14,2024-12-28,
567,589,293,2025-04-21,2025-05-05,2025-04-28
568,810,286,2023-11-19,2023-12-03,2023-11-19
569,381,116,2025-02-27,2025-03-13,2025-03-10
570,448,289,2024-12-31,2025-01-14,2025-01-10
571,1056,139,2023-11-20,2023-12-04,2023-11-28
572,350,244,2024-06-06,2024-06-20,
573,379,297,2024-09-17,2024-10-01,2024-09-29
574,1167,262,2025-06-21,2025-07-05,
575,929,165,2023-11-03,2023-11-17,
576,326,157,2024-05-22,2024-06-05,2024-05-27
577,797,300,2024-04-30,2024-05-14,
578,868,122,2023-12-29,2024-01-12,2023-12-31
579,862,114,2024-04-08,2024-04-22,2024-04-19
580,508,209,2023-11-01,2023-11-15,
581,1032,281,2025-06-05,2025-06-19,2025-06-14
582,1075,169,2025-04-09,2025-04-23,
583,276,221,2025-06-20,2025-07-04,2025-07-03
584,244,292,2024-07-04,2024-07-18,2024-07-14
585,699,139,2025-08-21,2025-09-04,2025-08-23
586,452,106,2024-04-04,2024-04-18,2024-04-06
587,760,255,2023-11-01,2023-11-15,2023-11-04
588,949,164,2024-01-22,2024-02-05,
589,568,283,2023-09-15,2023-09-29,2023-09-20
590,270,130,2025-03-31,2025-04-14,2025-04-06
591,833,262,2024-08-14,2024-08-28,2024-08-27
592,1142,216,2024-02-18,2024-03-03,2024-02-26
593,926,288,2023-09-04,2023-09-18,2023-09-16
594,269,205,2024-10-23,2024-11-06,2024-10-24
595,792,141,2025-07-24,2025-08-07,2025-08-05
596,670,285,2024-12-09,2024-12-23,2024-12-12
597,480,186,2025-07-02,2025-07-16,2025-07-14
598,305,227,2024-03-21,2024-04-04,
599,759,293,2024-09-12,2024-09-26,2024-09-25
600,645,249,2024-09-20,2024-10-04,
601,668,137,2024-02-28,2024-03-13,2024-03-09
602,283,186,2024-11-23,2024-12-07,2024-11-30
603,748,251,2024-11-01,2024-11-15,
604,986,118,2024-12-18,2025-01-01,2024-12-26
605,1106,160,2024-02-03,2024-02-17,
606,1184,272,2023-10-27,2023-11-10,2023-10-31
607,369,112,2024-07-15,2024-07-29,2024-07-18
608,501,295,2025-06-08,2025-06-22,
609,368,233,2025-03-29,2025-04-12,
610,743,209,2023-10-13,2023-10-27,
611,253,173,2025-03-26,2025-04-09,2025-04-04
612,936,189,2024-07-02,2024-07-16,2024-07-15
613,950,298,2023-11-05,2023-11-19,2023-11-05
614,386,105,2023-11-28,2023-12-12,2023-12-11
615,777,258,2024-10-17,2024-10-31,
616,528,216,2024-01-28,2024-02-11,
617,631,134,2024-05-10,2024-05-24,
618,337,237,2024-05-16,2024-05-30,
619,1046,278,2024-09-25,2024-10-09,2024-10-02
620,922,281,2023-10-14,2023-10-28,
621,1084,201,2025-02-01,2025-02-15,2025-02-08
622,992,184,2024-04-02,2024-04-16,2024-04-11
623,468,111,2024-07-25,2024-08-08,2024-07-31
624,1091,265,2024-03-10,2024-03-24,2024-03-19
625,1004,151,2024-09-24,2024-10-08,
626,730,215,2024-10-21,2024-11-04,2024-10-29
627,640,285,2025-08-07,2025-08-21,
628,1118,160,2023-10-18,2023-11-01,2023-10-31
629,1003,141,2024-06-10,2024-06-24,2024-06-12
630,837,118,2025-02-13,2025-02-27,
631,217,157,2023-10-16,2023-10-30,2023-10-20
632,344,282,2023-11-17,2023-12-01,
633,863,227,2024-09-29,2024-10-13,2024-10-05
634,374,222,2024-09-03,2024-09-17,2024-09-07
635,237,163,2025-01-12,2025-01-26,2025-01-13
636,305,285,2025-02-21,2025-03-07,2025-03-06
637,1184,261,2025-08-17,2025-08-31,2025-08-23
638,862,244,2023-09-04,2023-09-18,2023-09-05
639,1093,268,2025-02-24,2025-03-10,2025-03-01
640,263,258,2024-04-01,2024-04-15,2024-04-07
641,612,271,2025-09-01,2025-09-15,2025-09-11
642,748,296,2023-11-13,2023-11-27,2023-11-23
643,935,267,2024-01-29,2024-02-12,2024-02-01
644,592,261,2024-05-17,2024-05-31,2024-05-23
645,554,195,2024-02-12,2024-02-26,
646,1149,113,2024-08-16,2024-08-30,2024-08-20
647,784,292,2024-04-19,2024-05-03,
648,1073,261,2024-10-30,2024-11-13,
649,902,297,2024-12-16,2024-12-30,2024-12-24
650,716,260,2025-02-24,2025-03-10,
651,225,285,2023-09-07,2023-09-21,
652,755,235,2024-12-13,2024-12-27,2024-12-13
653,842,219,2024-10-17,2024-10-31,
654,879,154,2023-12-20,2024-01-03,2024-01-01
655,1088,139,2024-11-11,2024-11-25,
656,834,138,2025-04-07,2025-04-21,
657,796,232,2024-10-09,2024-10-23,2024-10-21
658,491,280,2025-02-17,2025-03-03,2025-02-25
659,307,105,2024-11-15,2024-11-29,
660,226,274,2024-03-28,2024-04-11,2024-04-03
661,1114,284,2025-08-23,2025-09-06,
662,413,190,2025-04-22,2025-05-06,2025-04-24
663,443,125,2024-11-14,2024-11-28,2024-11-25
664,532,284,2024-08-13,2024-08-27,
665,925,145,2023-09-12,2023-09-26,2023-09-21
666,839,253,2024-12-31,2025-01-14,2025-01-10
667,709,213,2025-05-29,2025-06-12,
668,524,293,2025-05-08,2025-05-22,2025-05-10
669,874,129,2024-12-23,2025-01-06,2024-12-30
670,733,179,2024-07-22,2024-08-05,2024-07-29
671,1014,167,2025-01-22,2025-02-05,2025-01-26
672,964,157,2024-07-10,2024-07-24,
673,729,123,2025-08-14,2025-08-28,2025-08-17
674,250,161,2024-08-02,2024-08-16,2024-08-10
675,264,122,2025-08-19,2025-09-02,
676,978,286,2023-12-29,2024-01-12,2023-12-29
677,763,170,2025-01-12,2025-01-26,2025-01-22
678,666,121,2024-05-17,2024-05-31,2024-05-28
679,1165,283,2024-12-10,2024-12-24,
680,421,155,2024-11-03,2024-11-17,2024-11-08
681,480,271,2025-07-17,2025-07-31,
682,216,236,2025-03-29,2025-04-12,2025-04-07
683,315,263,2024-02-08,2024-02-22,2024-02-08
684,795,219,2024-12-05,2024-12-19,2024-12-10
685,672,231,2025-01-30,2025-02-13,2025-02-05
686,1096,129,2024-10-17,2024-10-31,2024-10-22
687,470,273,2025-08-15,2025-08-29,2025-08-23
688,1083,275,2025-05-23,2025-06-06,2025-06-02
689,630,183,2025-03-19,2025-04-02,
690,758,130,2025-08-26,2025-09-09,2025-08-30
691,1110,125,2024-06-10,2024-06-24,
692,253,126,2025-04-11,2025-04-25,
693,981,260,2025-06-10,2025-06-24,2025-06-15
694,1003,272,2024-11-12,2024-11-26,2024-11-15
695,326,149,2025-01-27,2025-02-10,2025-01-30
696,1092,218,2024-09-11,2024-09-25,
697,293,117,2023-10-06,2023-10-20,
698,759,250,2023-09-29,2023-10-13,2023-10-06
699,755,251,2024-05-18,2024-06-01,
700,776,268,2023-09-25,2023-10-09,2023-10-08
701,1084,125,2024-03-16,2024-03-30,2024-03-21
702,805,276,2025-06-02,2025-06-16,2025-06-11
703,372,208,2023-10-24,2023-11-07,
704,303,247,2025-01-13,2025-01-27,2025-01-24
705,533,224,2024-03-27,2024-04-10,2024-04-07
706,914,165,2025-08-26,2025-09-09,
707,981,189,2024-07-01,2024-07-15,2024-07-07
708,570,263,2025-06-24,2025-07-08,2025-07-06
709,654,122,2023-09-09,2023-09-23,
710,1132,103,2025-06-16,2025-06-30,
711,1157,138,2025-07-20,2025-08-03,
712,686,133,2024-03-13,2024-03-27,2024-03-19
713,252,168,2024-01-29,2024-02-12,2024-02-01
714,1094,248,2023-10-08,2023-10-22,2023-10-20
715,958,211,2024-08-18,2024-09-01,2024-08-27
716,817,102,2024-06-18,2024-07-02,2024-06-21
717,227,121,2024-12-03,2024-12-17,2024-12-13
718,983,258,2024-03-31,2024-04-14,
719,1007,266,2025-07-12,2025-07-26,2025-07-17
720,610,260,2023-09-26,2023-10-10,2023-10-05
721,489,226,2025-03-09,2025-03-23,2025-03-12
722,710,195,2023-10-18,2023-11-01,2023-10-23
723,967,165,2025-01-17,2025-01-31,2025-01-30
724,680,273,2024-01-01,2024-01-15,2024-01-12
725,834,248,2024-06-25,2024-07-09,
726,1011,245,2023-11-12,2023-11-26,2023-11-25
727,1160,162,2024-01-08,2024-01-22,2024-01-15
728,921,139,2023-12-26,2024-01-09,
729,321,142,2023-12-03,2023-12-17,2023-12-13
730,1101,122,2023-10-27,2023-11-10,
731,441,113,2024-02-26,2024-03-11,2024-02-29
732,655,168,2025-08-27,2025-09-10,
733,595,214,2024-04-24,2024-05-08,2024-05-06
734,1193,270,2025-03-19,2025-04-02,2025-03-28
735,1114,229,2024-04-07,2024-04-21,2024-04-19
736,704,219,2024-08-05,2024-08-19,
737,878,127,2023-10-26,2023-11-09,2023-11-07
738,840,108,2024-02-18,2024-03-03,2024-02-20
739,529,146,2024-07-13,2024-07-27,2024-07-26
740,949,101,2025-01-21,2025-02-04,2025-01-24
741,842,104,2025-01-06,2025-01-20,
742,899,286,2025-06-28,2025-07-12,
743,1103,170,2025-04-06,2025-04-20,2025-04-10
744,950,148,2023-12-26,2024-01-09,2023-12-29
745,886,282,2025-05-29,2025-06-12,
746,877,164,2025-07-18,2025-08-01,2025-07-20
747,603,209,2025-05-24,2025-06-07,
748,470,275,2023-09-26,2023-10-10,
749,1169,291,2023-11-16,2023-11-30,2023-11-16
750,759,177,2024-09-10,2024-09-24,
751,353,244,2025-04-14,2025-04-28,2025-04-18
752,1153,251,2025-08-15,2025-08-29,2025-08-18
753,535,119,2025-08-21,2025-09-04,2025-09-03
754,293,237,2024-09-03,2024-09-17,
755,1055,148,2025-07-11,2025-07-25,2025-07-21
756,673,280,2023-11-15,2023-11-29,2023-11-28
757,393,264,2024-05-09,2024-05-23,2024-05-21
758,298,241,2024-02-19,2024-03-04,2024-02-23
759,923,161,2024-02-04,2024-02-18,2024-02-16
760,1034,154,2025-06-13,2025-06-27,2025-06-26
761,481,156,2024-09-14,2024-09-28,2024-09-19
762,208,273,2025-08-27,2025-09-10,2025-09-05
763,418,280,2025-05-03,2025-05-17,
764,610,281,2024-11-14,2024-11-28,
765,1128,211,2024-04-13,2024-04-27,2024-04-24
766,1090,119,2024-02-06,2024-02-20,
767,1090,267,2025-02-25,2025-03-11,2025-02-28
768,609,282,2024-03-05,2024-03-19,
769,1052,121,2024-11-08,2024-11-22,
770,912,104,2025-03-18,2025-04-01,2025-03-24
771,538,110,2025-04-02,2025-04-16,
772,509,123,2024-12-14,2024-12-28,
773,218,221,2024-05-31,2024-06-14,
774,270,274,2023-10-26,2023-11-09,2023-11-06
775,815,263,2023-10-04,2023-10-18,2023-10-16
776,715,168,2024-09-14,2024-09-28,2024-09-19
777,876,254,2024-04-29,2024-05-13,2024-05-09
778,814,190,2025-05-17,2025-05-31,2025-05-25
779,266,228,2024-01-12,2024-01-26,
780,975,273,2024-01-07,2024-01-21,
781,755,252,2024-09-04,2024-09-18,
782,267,157,2024-09-25,2024-10-09,
783,540,125,2025-02-14,2025-02-28,
784,432,134,2024-11-13,2024-11-27,
785,1094,125,2025-07-06,2025-07-20,2025-07-06
786,946,175,2024-09-25,2024-10-09,2024-09-28
787,345,250,2024-04-17,2024-05-01,2024-04-24
788,1118,145,2025-08-02,2025-08-16,2025-08-15
789,428,285,2025-08-30,2025-09-13,2025-09-10
790,813,181,2024-01-01,2024-01-15,2024-01-11
791,716,130,2025-08-01,2025-08-15,2025-08-02
792,1037,189,2025-07-03,2025-07-17,2025-07-12
793,468,139,2024-07-03,2024-07-17,2024-07-06
794,443,134,2023-09-12,2023-09-26,
795,449,141,2023-10-23,2023-11-06,2023-10-31
796,544,158,2025-04-17,2025-05-01,2025-04-25
797,343,229,2025-07-28,2025-08-11,
798,864,220,2024-05-27,2024-06-10,2024-06-02
799,289,130,2024-02-08,2024-02-22,2024-02-10
800,1029,235,2025-02-28,2025-03-14,2025-03-10
801,708,199,2024-11-02,2024-11-16,2024-11-15
802,370,133,2023-11-29,2023-12-13,2023-12-06
803,317,283,2025-01-13,2025-01-27,2025-01-21
804,276,245,2023-10-03,2023-10-17,2023-10-04
805,890,205,2024-10-20,2024-11-03,
806,766,298,2025-06-22,2025-07-06,2025-06-24
807,511,240,2025-01-30,2025-02-13,2025-01-31
808,1009,137,2024-10-10,2024-10-24,2024-10-11
809,937,109,2024-07-18,2024-08-01,2024-07-22
810,820,276,2024-04-03,2024-04-17,2024-04-15
811,795,205,2024-09-28,2024-10-12,2024-10-06
812,632,238,2025-03-14,2025-03-28,2025-03-14
813,1010,164,2023-12-06,2023-12-20,2023-12-09
814,712,113,2024-05-17,2024-05-31,2024-05-17
815,516,155,2025-04-15,2025-04-29,2025-04-23
816,255,233,2025-05-23,2025-06-06,2025-05-29
817,259,122,2023-09-05,2023-09-19,2023-09-18
818,1184,143,2025-02-06,2025-02-20,
819,469,167,2023-12-13,2023-12-27,2023-12-16
820,1065,246,2025-06-18,2025-07-02,2025-06-24
821,794,152,2024-12-05,2024-12-19,
822,899,276,2024-11-08,2024-11-22,
823,804,244,2025-03-31,2025-04-14,2025-04-08
824,830,103,2024-01-14,2024-01-28,2024-01-20
825,589,289,2023-10-16,2023-10-30,2023-10-29
826,246,141,2023-10-24,2023-11-07,
827,818,122,2024-01-31,2024-02-14,2024-02-08
828,289,211,2025-01-21,2025-02-04,
829,344,208,2024-12-05,2024-12-19,2024-12-14
830,1041,243,2024-09-13,2024-09-27,
831,523,252,2024-12-31,2025-01-14,
832,561,168,2023-12-31,2024-01-14,2024-01-05
833,846,149,2025-01-10,2025-01-24,2025-01-21
834,624,248,2025-04-23,2025-05-07,
835,845,161,2024-03-10,2024-03-24,2024-03-21
836,263,105,2024-02-10,2024-02-24,2024-02-13
837,900,295,2025-02-25,2025-03-11,2025-03-02
838,1051,249,2023-11-02,2023-11-16,2023-11-08
839,634,298,2024-09-07,2024-09-21,2024-09-16
840,371,121,2023-12-08,2023-12-22,2023-12-19
841,475,105,2024-10-18,2024-11-01,2024-10-19
842,727,282,2024-04-10,2024-04-24,2024-04-23
843,1158,286,2023-10-10,2023-10-24,2023-10-18
844,469,260,2024-07-30,2024-08-13,2024-08-06
845,223,197,2023-10-24,2023-11-07,
846,691,119,2024-04-09,2024-04-23,2024-04-18
847,1038,291,2025-08-31,2025-09-14,2025-09-06
848,956,189,2024-09-03,2024-09-17,2024-09-07
849,1144,159,2023-12-20,2024-01-03,
850,384,128,2024-04-03,2024-04-17,2024-04-03
851,1061,240,2024-09-01,2024-09-15,
852,455,111,2024-02-21,2024-03-06,2024-02-24
853,874,234,2025-05-29,2025-06-12,2025-05-30
854,726,136,2024-07-26,2024-08-09,2024-08-08
855,605,181,2023-10-13,2023-10-27,
856,1116,283,2025-02-13,2025-02-27,2025-02-18
857,815,259,2025-07-25,2025-08-08,2025-08-03
858,363,199,2025-06-01,2025-06-15,2025-06-02
859,232,271,2024-08-28,2024-09-11,
860,910,271,2024-04-11,2024-04-25,2024-04-20
861,794,143,2024-02-06,2024-02-20,2024-02-19
862,1033,138,2025-05-10,2025-05-24,2025-05-18
863,421,104,2024-12-07,2024-12-21,2024-12-12
864,518,207,2023-09-15,2023-09-29,
865,1036,139,2025-03-19,2025-04-02,2025-03-19
866,802,260,2025-01-08,2025-01-22,
867,914,228,2023-12-03,2023-12-17,2023-12-05
868,1167,136,2024-12-21,2025-01-04,2025-01-02
869,247,143,2025-06-12,2025-06-26,2025-06-16
870,910,197,2025-08-03,2025-08-17,2025-08-16
871,613,184,2025-08-24,2025-09-07,2025-08-26
872,1109,293,2023-12-27,2024-01-10,2024-01-02
873,924,185,2024-07-27,2024-08-10,
874,1026,108,2024-06-04,2024-06-18,
875,959,124,2024-08-11,2024-08-25,2024-08-12
876,662,230,2023-12-13,2023-12-27,
877,1021,139,2024-03-22,2024-04-05,
878,687,268,2024-01-05,2024-01-19,
879,708,252,2025-06-04,2025-06-18,
880,355,162,2024-10-29,2024-11-12,
881,978,277,2023-10-13,2023-10-27,2023-10-25
882,1169,288,2024-07-09,2024-07-23,2024-07-22
883,479,239,2023-10-01,2023-10-15,2023-10-01
884,1112,233,2023-11-11,2023-11-25,2023-11-23
885,430,175,2023-09-30,2023-10-14,
886,751,238,2024-04-19,2024-05-03,2024-05-02
887,997,256,2024-04-08,2024-04-22,2024-04-09
888,1182,237,2025-05-06,2025-05-20,
889,209,226,2025-01-19,2025-02-02,
890,446,234,2024-03-06,2024-03-20,
891,895,152,2023-09-27,2023-10-11,
892,520,139,2025-01-03,2025-01-17,2025-01-12
893,385,188,2024-08-17,2024-08-31,2024-08-27
894,295,266,2023-11-24,2023-12-08,2023-12-03
895,928,295,2025-08-26,2025-09-09,2025-09-07
896,336,156,2024-02-10,2024-02-24,2024-02-18
897,383,259,2024-07-10,2024-07-24,2024-07-15
898,809,215,2025-01-10,2025-01-24,
899,521,264,2024-05-05,2024-05-19,
900,371,179,2025-02-10,2025-02-24,2025-02-12
901,1088,226,2023-11-28,2023-12-12,
902,524,287,2024-05-22,2024-06-05,2024-05-31
903,286,291,2024-12-21,2025-01-04,2024-12-31
904,1048,267,2024-03-15,2024-03-29,2024-03-22
905,600,276,2023-12-20,2024-01-03,2023-12-31
906,1029,189,2025-01-20,2025-02-03,2025-01-29
907,211,231,2025-03-02,2025-03-16,2025-03-04
908,834,154,2025-08-30,2025-09-13,
909,1162,192,2025-06-28,2025-07-12,
910,626,167,2024-09-03,2024-09-17,2024-09-03
911,514,210,2025-04-04,2025-04-18,
912,1178,132,2024-02-23,2024-03-08,2024-03-06
913,696,252,2024-08-19,2024-09-02,2024-08-21
914,937,280,2025-05-29,2025-06-12,2025-06-03
915,720,172,2025-05-17,2025-05-31,
916,833,289,2023-09-05,2023-09-19,
917,1185,121,2024-08-13,2024-08-27,
918,521,128,2025-08-03,2025-08-17,2025-08-14
919,1148,245,2025-07-28,2025-08-11,
920,243,298,2025-04-17,2025-05-01,
921,774,161,2024-10-02,2024-10-16,2024-10-05
922,843,261,2024-10-23,2024-11-06,2024-11-05
923,1162,271,2024-12-28,2025-01-11,2025-01-05
924,230,283,2024-10-24,2024-11-07,2024-11-02
925,949,143,2025-07-11,2025-07-25,2025-07-15
926,277,186,2024-06-27,2024-07-11,
927,979,214,2024-06-09,2024-06-23,2024-06-21
928,804,196,2023-12-04,2023-12-18,2023-12-17
929,503,162,2025-07-05,2025-07-19,2025-07-15
930,245,146,2024-11-12,2024-11-26,2024-11-22
931,1010,247,2025-04-06,2025-04-20,2025-04-13
932,475,142,2025-01-30,2025-02-13,2025-01-31
933,784,258,2024-01-27,2024-02-10,2024-01-27
934,263,123,2025-02-05,2025-02-19,2025-02-08
935,561,147,2023-09-13,2023-09-27,2023-09-25
936,1058,101,2023-12-28,2024-01-11,
937,491,151,2024-01-08,2024-01-22,2024-01-15
938,804,159,2025-03-29,2025-04-12,
939,1044,238,2025-05-10,2025-05-24,2025-05-13
940,1126,270,2025-06-25,2025-07-09,
941,399,106,2024-11-25,2024-12-09,
942,975,239,2024-07-29,2024-08-12,2024-08-03
943,313,162,2024-09-10,2024-09-24,
944,868,188,2023-11-26,2023-12-10,2023-11-30
945,296,121,2023-10-09,2023-10-23,2023-10-16
946,307,141,2024-12-10,2024-12-24,
947,386,143,2023-10-25,2023-11-08,
948,991,146,2024-09-11,2024-09-25,2024-09-17
949,525,224,2023-10-30,2023-11-13,2023-11-12
950,1019,253,2024-12-07,2024-12-21,
951,510,269,2024-07-17,2024-07-31,2024-07-29
952,572,196,2023-12-12,2023-12-26,
953,454,121,2024-04-14,2024-04-28,
954,919,194,2025-03-24,2025-04-07,
955,321,209,2025-04-16,2025-04-30,2025-04-16
956,779,163,2024-10-06,2024-10-20,2024-10-07
957,665,169,2024-07-15,2024-07-29,2024-07-26
958,910,133,2024-03-28,2024-04-11,2024-04-01
959,667,117,2024-04-14,2024-04-28,2024-04-25
960,1167,165,2024-10-31,2024-11-14,2024-10-31
961,622,267,2023-11-20,2023-12-04,
962,413,210,2025-06-24,2025-07-08,2025-07-06
963,748,239,2025-03-10,2025-03-24,2025-03-16
964,940,156,2025-06-05,2025-06-19,2025-06-11
965,1097,284,2023-09-27,2023-10-11,2023-10-10
966,404,238,2024-04-18,2024-05-02,2024-04-30
967,662,151,2024-06-05,2024-06-19,2024-06-17
968,204,170,2024-04-05,2024-04-19,
969,361,106,2025-08-12,2025-08-26,
970,1059,241,2025-06-24,2025-07-08,2025-07-05
971,541,142,2024-08-19,2024-09-02,
972,810,217,2024-06-21,2024-07-05,2024-07-04
973,321,223,2024-06-28,2024-07-12,2024-07-01
974,1063,295,2023-09-28,2023-10-12,2023-09-29
975,243,207,2023-11-15,2023-11-29,2023-11-26
976,649,253,2023-12-15,2023-12-29,2023-12-26
977,207,216,2024-12-25,2025-01-08,
978,798,191,2024-07-19,2024-08-02,2024-07-23
979,270,262,2023-11-03,2023-11-17,2023-11-09
980,744,252,2025-01-24,2025-02-07,
981,1122,251,2024-10-29,2024-11-12,2024-11-06
982,370,147,2025-06-06,2025-06-20,2025-06-14
983,687,298,2025-06-21,2025-07-05,
984,1136,147,2024-05-17,2024-05-31,2024-05-23
985,675,207,2024-02-24,2024-03-09,2024-02-27
986,271,285,2025-08-01,2025-08-15,
987,620,267,2023-11-20,2023-12-04,2023-11-24
988,240,254,2024-10-05,2024-10-19,2024-10-14
989,462,102,2024-11-06,2024-11-20,2024-11-12
990,579,197,2023-11-22,2023-12-06,2023-11-27
991,550,206,2024-09-17,2024-10-01,2024-09-29
992,223,174,2025-02-05,2025-02-19,2025-02-18
993,692,101,2024-07-22,2024-08-05,2024-07-31
994,1078,234,2024-07-11,2024-07-25,2024-07-18
995,1036,112,2025-06-13,2025-06-27,2025-06-17
996,265,182,2024-03-28,2024-04-11,2024-03-28
997,467,170,2023-11-23,2023-12-07,
998,1094,257,2025-07-18,2025-08-01,2025-07-28
999,628,110,2025-07-30,2025-08-13,
1000,649,128,2025-06-11,2025-06-25,2025-06-21
1001,849,281,2024-01-26,2024-02-09,2024-02-04
1002,1157,160,2024-11-24,2024-12-08,2024-12-06
1003,813,169,2023-12-21,2024-01-04,
1004,1181,184,2024-01-06,2024-01-20,
1005,660,246,2024-07-10,2024-07-24,2024-07-21
1006,956,222,2025-04-08,2025-04-22,2025-04-21
1007,277,119,2024-02-01,2024-02-15,2024-02-06
1008,645,145,2023-11-01,2023-11-15,2023-11-03
1009,379,143,2023-10-13,2023-10-27,
1010,917,271,2024-08-08,2024-08-22,
1011,921,171,2025-05-22,2025-06-05,2025-05-26
1012,226,106,2024-11-17,2024-12-01,
1013,796,154,2024-03-30,2024-04-13,2024-04-12
1014,1020,276,2025-07-09,2025-07-23,2025-07-13
1015,910,290,2024-10-06,2024-10-20,2024-10-18
1016,856,262,2024-09-11,2024-09-25,
1017,1031,299,2024-03-18,2024-04-01,2024-03-21
1018,1075,243,2024-11-11,2024-11-25,2024-11-22
1019,529,255,2025-07-16,2025-07-30,2025-07-23
1020,919,215,2025-07-22,2025-08-05,
1021,680,268,2024-08-06,2024-08-20,2024-08-09
1022,269,170,2024-07-05,2024-07-19,2024-07-06
1023,849,213,2025-01-17,2025-01-31,
1024,1191,129,2025-08-28,2025-09-11,2025-08-29
1025,529,282,2023-12-01,2023-12-15,2023-12-06
1026,723,290,2023-12-03,2023-12-17,
1027,259,261,2024-09-17,2024-10-01,2024-09-18
1028,727,132,2024-12-16,2024-12-30,
1029,238,150,2024-03-08,2024-03-22,2024-03-11
1030,1104,191,2025-02-24,2025-03-10,
1031,403,130,2023-11-28,2023-12-12,2023-11-29
1032,1030,211,2024-07-07,2024-07-21,2024-07-13
1033,435,185,2023-09-06,2023-09-20,
1034,712,116,2025-08-03,2025-08-17,2025-08-10
1035,741,174,2024-05-09,2024-05-23,2024-05-09
1036,1100,160,2024-02-10,2024-02-24,
1037,793,267,2025-07-14,2025-07-28,
1038,304,172,2024-09-13,2024-09-27,
1039,346,162,2024-05-25,2024-06-08,
1040,1091,243,2024-11-08,2024-11-22,2024-11-09
1041,1001,213,2025-01-11,2025-01-25,
1042,447,190,2024-05-16,2024-05-30,2024-05-27
1043,283,293,2023-12-06,2023-12-20,
1044,1094,208,2025-01-28,2025-02-11,2025-01-31
1045,1064,147,2024-09-28,2024-10-12,2024-10-11
1046,822,139,2023-12-25,2024-01-08,2023-12-26
1047,1180,137,2024-12-23,2025-01-06,
1048,441,151,2024-04-30,2024-05-14,2024-05-08
1049,499,252,2025-01-16,2025-01-30,2025-01-25
1050,973,294,2025-04-20,2025-05-04,2025-04-27
1051,936,266,2024-12-01,2024-12-15,2024-12-09
1052,1103,197,2024-09-11,2024-09-25,2024-09-19
1053,381,207,2024-07-28,2024-08-11,2024-08-09
1054,459,153,2025-01-19,2025-02-02,
1055,1110,171,2025-01-01,2025-01-15,2025-01-11
1056,281,250,2024-09-30,2024-10-14,2024-10-03
1057,1047,286,2024-06-05,2024-06-19,2024-06-14
1058,1159,153,2024-05-11,2024-05-25,2024-05-21
1059,408,118,2024-01-07,2024-01-21,
1060,1066,119,2024-03-14,2024-03-28,2024-03-21
1061,418,179,2023-09-20,2023-10-04,2023-09-30
1062,1002,113,2025-05-11,2025-05-25,2025-05-19
1063,417,203,2024-06-06,2024-06-20,2024-06-09
1064,254,102,2024-02-23,2024-03-08,
1065,1039,160,2024-10-14,2024-10-28,2024-10-25
1066,919,153,2024-05-14,2024-05-28,2024-05-20
1067,296,204,2024-10-19,2024-11-02,2024-11-01
1068,216,296,2025-08-17,2025-08-31,
1069,620,152,2024-11-05,2024-11-19,
1070,930,131,2025-06-08,2025-06-22,2025-06-11
1071,976,171,2024-05-26,2024-06-09,2024-06-06
1072,320,145,2025-07-27,2025-08-10,2025-07-30
1073,382,186,2023-10-29,2023-11-12,
1074,776,167,2025-03-24,2025-04-07,
1075,762,202,2024-11-21,2024-12-05,
1076,955,138,2024-08-18,2024-09-01,2024-08-24
1077,1045,156,2023-09-19,2023-10-03,2023-09-27
1078,375,106,2025-07-13,2025-07-27,2025-07-26
1079,916,297,2024-11-08,2024-11-22,2024-11-19
1080,772,115,2024-09-01,2024-09-15,2024-09-14
1081,729,280,2023-12-03,2023-12-17,2023-12-04
1082,1161,227,2025-08-21,2025-09-04,
1083,901,162,2024-05-17,2024-05-31,2024-05-26
1084,972,144,2023-11-05,2023-11-19,2023-11-16
1085,980,244,2024-01-27,2024-02-10,2024-02-08
1086,930,135,2023-10-16,2023-10-30,2023-10-18
1087,915,105,2025-01-17,2025-01-31,2025-01-18
1088,230,276,2025-01-23,2025-02-06,
1089,1116,238,2025-01-16,2025-01-30,
1090,1151,148,2025-04-29,2025-05-13,2025-05-11
1091,425,279,2025-03-04,2025-03-18,2025-03-07
1092,752,178,2023-09-22,2023-10-06,2023-10-02
1093,687,279,2025-05-30,2025-06-13,2025-05-31
1094,539,174,2025-07-29,2025-08-12,2025-08-01
1095,556,296,2025-02-27,2025-03-13,
1096,846,220,2024-05-30,2024-06-13,2024-06-06
1097,640,106,2025-02-17,2025-03-03,
1098,1191,166,2024-10-09,2024-10-23,2024-10-21
1099,530,147,2024-12-07,2024-12-21,2024-12-07
1100,536,299,2025-02-10,2025-02-24,2025-02-22
1101,283,277,2024-12-23,2025-01-06,2025-01-05
1102,429,296,2025-06-21,2025-07-05,2025-06-30
1103,286,148,2024-12-04,2024-12-18,2024-12-09
1104,1107,154,2024-01-05,2024-01-19,
1105,223,142,2025-06-13,2025-06-27,
1106,1070,170,2023-11-04,2023-11-18,2023-11-06
1107,857,145,2024-11-06,2024-11-20,
1108,578,244,2023-09-21,2023-10-05,2023-09-22
1109,392,266,2025-05-10,2025-05-24,2025-05-21
1110,543,123,2024-10-15,2024-10-29,2024-10-18
1111,820,102,2025-03-15,2025-03-29,2025-03-25
1112,488,114,2025-08-12,2025-08-26,2025-08-24
1113,644,207,2025-06-24,2025-07-08,
1114,439,242,2024-03-18,2024-04-01,2024-03-23
1115,307,101,2025-02-21,2025-03-07,2025-02-22
1116,284,299,2025-08-11,2025-08-25,2025-08-14
1117,837,202,2024-04-28,2024-05-12,
1118,519,298,2023-11-02,2023-11-16,2023-11-09
1119,410,231,2025-02-20,2025-03-06,2025-02-28
1120,1104,288,2025-03-05,2025-03-19,2025-03-09
1121,457,209,2024-07-23,2024-08-06,
1122,768,269,2025-02-08,2025-02-22,2025-02-11
1123,1185,225,2024-05-13,2024-05-27,2024-05-13
1124,622,186,2024-08-15,2024-08-29,2024-08-23
1125,930,107,2024-01-25,2024-02-08,2024-02-07
1126,1090,244,2024-07-11,2024-07-25,2024-07-24
1127,1146,184,2024-06-01,2024-06-15,2024-06-11
1128,332,242,2024-03-23,2024-04-06,
1129,931,231,2023-12-22,2024-01-05,
1130,872,269,2023-10-10,2023-10-24,
1131,361,205,2025-06-27,2025-07-11,2025-07-03
1132,491,149,2024-06-12,2024-06-26,2024-06-17
1133,910,148,2025-02-27,2025-03-13,2025-03-01
1134,1073,239,2025-07-21,2025-08-04,2025-07-26
1135,380,102,2024-12-15,2024-12-29,
1136,1083,157,2024-08-10,2024-08-24,2024-08-14
1137,242,290,2023-11-18,2023-12-02,2023-11-20
1138,263,197,2023-12-29,2024-01-12,2023-12-31
1139,888,210,2024-11-28,2024-12-12,2024-12-11
1140,1139,297,2025-07-16,2025-07-30,2025-07-26
1141,692,285,2025-01-30,2025-02-13,2025-02-05
1142,777,284,2024-08-28,2024-09-11,2024-09-09
1143,346,139,2025-01-06,2025-01-20,2025-01-06
1144,867,155,2024-09-27,2024-10-11,2024-10-09
1145,293,228,2024-11-23,2024-12-07,
1146,758,103,2025-05-26,2025-06-09,2025-05-26
1147,881,181,2024-02-03,2024-02-17,
1148,391,121,2024-05-27,2024-06-10,2024-05-28
1149,635,251,2025-03-22,2025-04-05,2025-03-23
1150,391,203,2024-05-10,2024-05-24,2024-05-16
1151,969,182,2025-02-27,2025-03-13,2025-03-08
1152,723,141,2024-12-26,2025-01-09,
1153,476,131,2025-02-24,2025-03-10,2025-03-02
1154,638,120,2025-07-26,2025-08-09,
1155,361,124,2025-04-11,2025-04-25,2025-04-21
1156,203,185,2024-09-09,2024-09-23,2024-09-11
1157,273,298,2024-01-15,2024-01-29,2024-01-22
1158,1193,137,2024-12-07,2024-12-21,2024-12-10
1159,382,260,2025-05-08,2025-05-22,2025-05-21
1160,959,291,2024-03-29,2024-04-12,2024-04-02
1161,691,171,2024-11-15,2024-11-29,2024-11-28
1162,436,223,2025-07-27,2025-08-10,
1163,455,224,2024-12-20,2025-01-03,2024-12-31
1164,682,231,2024-01-17,2024-01-31,
1165,424,163,2024-09-01,2024-09-15,2024-09-05
1166,1193,285,2024-05-08,2024-05-22,2024-05-21
1167,771,265,2025-07-18,2025-08-01,2025-07-26
1168,612,229,2024-10-12,2024-10-26,2024-10-20
1169,613,111,2025-07-08,2025-07-22,2025-07-15
1170,798,185,2025-08-22,2025-09-05,2025-09-02
1171,1131,244,2023-11-23,2023-12-07,
1172,645,103,2023-11-14,2023-11-28,2023-11-23
1173,1169,201,2023-12-22,2024-01-05,2023-12-26
1174,398,192,2024-05-16,2024-05-30,2024-05-29
1175,583,185,2025-02-25,2025-03-11,2025-02-28
1176,1119,259,2023-10-25,2023-11-08,2023-11-06
1177,650,199,2024-12-30,2025-01-13,
1178,796,224,2023-09-17,2023-10-01,2023-09-24
1179,495,199,2024-12-07,2024-12-21,2024-12-09
1180,575,266,2025-07-12,2025-07-26,2025-07-13
1181,518,293,2024-12-12,2024-12-26,2024-12-19
1182,868,217,2024-08-26,2024-09-09,2024-08-29
1183,380,104,2025-03-03,2025-03-17,
1184,415,164,2024-05-05,2024-05-19,2024-05-12
1185,400,175,2023-11-14,2023-11-28,2023-11-23
1186,1126,132,2024-08-27,2024-09-10,2024-09-04
1187,764,122,2025-07-12,2025-07-26,
1188,633,152,2024-05-01,2024-05-15,2024-05-10
1189,777,235,2024-12-11,2024-12-25,
1190,904,154,2025-01-11,2025-01-25,2025-01-14
1191,284,126,2024-05-22,2024-06-05,2024-05-30
1192,271,258,2024-04-16,2024-04-30,2024-04-25
1193,635,170,2025-01-31,2025-02-14,2025-02-05
1194,832,175,2024-07-19,2024-08-02,2024-07-29
1195,1158,235,2024-04-25,2024-05-09,2024-05-06
1196,420,147,2025-09-01,2025-09-15,2025-09-08
1197,368,189,2024-07-06,2024-07-20,
1198,289,276,2024-04-28,2024-05-12,2024-05-11
1199,850,240,2024-01-09,2024-01-23,2024-01-10
1200,414,175,2025-05-08,2025-05-22,2025-05-09
1201,618,189,2024-10-17,2024-10-31,2024-10-24
1202,811,244,2025-06-02,2025-06-16,
1203,716,284,2024-11-28,2024-12-12,2024-12-09
1204,328,190,2024-01-09,2024-01-23,2024-01-21
1205,939,261,2024-12-19,2025-01-02,2024-12-30
1206,501,205,2024-07-25,2024-08-08,2024-08-01
1207,678,251,2024-12-16,2024-12-30,2024-12-16
1208,899,279,2024-04-27,2024-05-11,2024-04-28
1209,323,161,2024-07-05,2024-07-19,
1210,926,138,2023-11-27,2023-12-11,
1211,549,162,2025-03-12,2025-03-26,2025-03-25
1212,619,146,2025-01-24,2025-02-07,2025-02-01
1213,320,139,2024-08-09,2024-08-23,
1214,982,260,2025-06-26,2025-07-10,2025-07-02
1215,1089,141,2024-04-22,2024-05-06,2024-04-28
1216,1094,175,2024-04-16,2024-04-30,2024-04-24
1217,870,290,2024-10-03,2024-10-17,2024-10-03
1218,378,182,2023-11-21,2023-12-05,2023-11-26
1219,983,300,2025-09-01,2025-09-15,2025-09-03
1220,609,207,2024-02-21,2024-03-06,2024-02-29
1221,547,232,2025-03-09,2025-03-23,
1222,860,259,2024-06-22,2024-07-06,2024-06-26
1223,355,162,2024-03-31,2024-04-14,2024-03-31
1224,361,116,2023-10-02,2023-10-16,2023-10-08
1225,413,224,2024-04-13,2024-04-27,2024-04-25
1226,341,176,2025-02-26,2025-03-12,
1227,299,161,2024-07-11,2024-07-25,
1228,352,218,2024-08-22,2024-09-05,2024-09-04
1229,599,264,2024-06-09,2024-06-23,2024-06-17
1230,280,251,2024-06-25,2024-07-09,2024-06-26
1231,490,243,2024-04-23,2024-05-07,2024-05-02
1232,545,185,2025-06-08,2025-06-22,2025-06-19
1233,835,191,2024-02-10,2024-02-24,2024-02-21
1234,380,215,2025-08-29,2025-09-12,2025-09-05
1235,949,116,2025-06-12,2025-06-26,2025-06-19
1236,847,297,2024-06-11,2024-06-25,2024-06-13
1237,357,228,2025-02-28,2025-03-14,2025-03-03
1238,751,203,2023-12-21,2024-01-04,2023-12-31
1239,881,102,2023-12-26,2024-01-09,2024-01-03
1240,863,170,2025-05-27,2025-06-10,
1241,550,236,2024-02-02,2024-02-16,
1242,989,153,2023-10-13,2023-10-27,2023-10-25
1243,324,232,2025-07-18,2025-08-01,2025-07-27
1244,712,151,2024-10-15,2024-10-29,
1245,1116,288,2025-01-16,2025-01-30,
1246,833,264,2025-07-01,2025-07-15,2025-07-01
1247,754,217,2024-12-02,2024-12-16,2024-12-13
1248,945,112,2023-09-18,2023-10-02,2023-09-20
1249,777,122,2023-10-29,2023-11-12,
1250,289,182,2024-12-03,2024-12-17,2024-12-06
1251,940,264,2024-12-31,2025-01-14,
1252,430,272,2025-04-14,2025-04-28,2025-04-27
1253,869,228,2025-05-05,2025-05-19,2025-05-16
1254,505,248,2024-01-14,2024-01-28,2024-01-26
1255,638,133,2024-09-05,2024-09-19,2024-09-12
1256,1004,265,2024-10-25,2024-11-08,2024-11-02
1257,897,232,2024-08-29,2024-09-12,2024-09-10
1258,1078,150,2025-05-29,2025-06-12,2025-06-03
1259,599,274,2025-04-03,2025-04-17,2025-04-15
1260,992,137,2025-02-28,2025-03-14,2025-03-07
1261,891,211,2024-08-22,2024-09-05,2024-09-02
1262,666,204,2024-03-04,2024-03-18,2024-03-17
1263,372,185,2024-04-19,2024-05-03,2024-04-24
1264,480,152,2025-08-13,2025-08-27,2025-08-20
1265,297,273,2025-07-05,2025-07-19,2025-07-06
1266,599,226,2024-02-03,2024-02-17,2024-02-03
1267,650,223,2025-06-11,2025-06-25,2025-06-22
1268,1103,258,2025-04-21,2025-05-05,
1269,931,177,2024-09-25,2024-10-09,2024-09-25
1270,1171,293,2023-12-29,2024-01-12,2024-01-05
1271,908,298,2024-02-05,2024-02-19,2024-02-17
1272,837,285,2024-05-19,2024-06-02,2024-05-28
1273,1074,194,2025-06-20,2025-07-04,2025-06-29
1274,1142,169,2024-07-10,2024-07-24,2024-07-18
1275,653,149,2024-08-08,2024-08-22,2024-08-12
1276,299,116,2025-04-06,2025-04-20,2025-04-10
1277,670,122,2025-07-06,2025-07-20,
1278,797,140,2025-03-19,2025-04-02,2025-03-28
1279,1180,141,2025-03-15,2025-03-29,2025-03-21
1280,696,161,2025-08-18,2025-09-01,2025-08-28
1281,379,233,2023-10-06,2023-10-20,
1282,687,148,2024-12-02,2024-12-16,2024-12-05
1283,472,134,2025-08-18,2025-09-01,2025-08-28
1284,1026,187,2024-06-20,2024-07-04,2024-06-21
1285,1146,190,2025-06-02,2025-06-16,
1286,691,186,2024-08-12,2024-08-26,2024-08-12
1287,1113,232,2025-08-22,2025-09-05,2025-08-29
1288,860,296,2024-12-12,2024-12-26,2024-12-12
1289,1024,249,2025-04-14,2025-04-28,
1290,341,224,2024-07-07,2024-07-21,
1291,1161,167,2024-07-07,2024-07-21,2024-07-16
1292,415,143,2024-06-06,2024-06-20,2024-06-15
1293,687,148,2024-09-25,2024-10-09,
1294,711,219,2023-12-16,2023-12-30,2023-12-22
1295,598,146,2024-03-23,2024-04-06,
1296,637,267,2024-03-23,2024-04-06,2024-04-04
1297,544,245,2025-05-27,2025-06-10,2025-06-04
1298,770,226,2023-12-27,2024-01-10,
1299,351,226,2024-03-19,2024-04-02,2024-03-31
1300,835,214,2024-11-24,2024-12-08,2024-12-07
1301,239,116,2024-07-11,2024-07-25,2024-07-23
1302,676,229,2024-12-31,2025-01-14,2025-01-02
1303,1091,295,2024-01-04,2024-01-18,2024-01-15
1304,299,120,2025-07-15,2025-07-29,2025-07-28
1305,925,276,2025-02-02,2025-02-16,
1306,774,158,2025-08-14,2025-08-28,
1307,209,267,2024-09-06,2024-09-20,
1308,670,260,2025-07-11,2025-07-25,
1309,263,130,2024-08-13,2024-08-27,
1310,1199,163,2024-10-16,2024-10-30,2024-10-27
1311,1169,214,2023-10-08,2023-10-22,2023-10-16
1312,833,141,2024-03-29,2024-04-12,
1313,381,271,2025-04-12,2025-04-26,2025-04-14
1314,1026,287,2024-10-28,2024-11-11,2024-11-10
1315,339,298,2025-03-05,2025-03-19,2025-03-06
1316,689,128,2025-02-15,2025-03-01,
1317,653,151,2024-12-10,2024-12-24,
1318,986,185,2025-03-03,2025-03-17,2025-03-03
1319,389,163,2025-02-12,2025-02-26,
1320,870,280,2025-01-17,2025-01-31,
1321,528,219,2024-03-25,2024-04-08,2024-03-27
1322,432,202,2025-06-24,2025-07-08,
1323,1138,268,2024-08-11,2024-08-25,
1324,1030,294,2023-12-03,2023-12-17,2023-12-08
1325,477,173,2023-11-21,2023-12-05,2023-11-24
1326,1007,242,2024-12-20,2025-01-03,2024-12-29
1327,799,173,2024-01-20,2024-02-03,
1328,1042,286,2023-10-28,2023-11-11,2023-11-04
1329,655,189,2023-12-23,2024-01-06,2024-01-03
1330,884,166,2025-06-24,2025-07-08,2025-06-30
1331,935,209,2024-10-08,2024-10-22,
1332,690,256,2024-11-08,2024-11-22,2024-11-14
1333,1120,147,2025-07-07,2025-07-21,2025-07-11
1334,1030,183,2023-09-16,2023-09-30,
1335,876,186,2025-07-24,2025-08-07,2025-07-25
1336,575,269,2025-01-21,2025-02-04,2025-01-27
1337,634,149,2024-04-30,2024-05-14,
1338,834,212,2025-07-05,2025-07-19,2025-07-15
1339,853,254,2023-11-04,2023-11-18,2023-11-14
1340,1197,152,2025-07-10,2025-07-24,
1341,846,177,2025-02-25,2025-03-11,
1342,537,126,2024-05-28,2024-06-11,2024-06-06
1343,1004,153,2024-02-23,2024-03-08,
1344,846,164,2023-11-09,2023-11-23,
1345,472,208,2025-01-30,2025-02-13,
1346,1140,222,2024-03-06,2024-03-20,
1347,338,241,2023-09-06,2023-09-20,2023-09-07
1348,707,219,2024-09-12,2024-09-26,
1349,903,179,2024-07-05,2024-07-19,2024-07-09
1350,374,238,2024-06-18,2024-07-02,2024-06-26
1351,1060,276,2025-01-13,2025-01-27,2025-01-17
1352,913,140,2024-09-15,2024-09-29,
1353,438,104,2025-04-24,2025-05-08,2025-05-02
1354,1174,149,2024-01-11,2024-01-25,2024-01-13
1355,417,228,2024-06-09,2024-06-23,2024-06-19
1356,412,154,2025-03-31,2025-04-14,2025-04-04
1357,388,258,2025-08-31,2025-09-14,
1358,570,167,2025-03-11,2025-03-25,2025-03-18
1359,1155,191,2023-09-26,2023-10-10,2023-09-28
1360,1070,132,2025-05-12,2025-05-26,2025-05-17
1361,587,280,2024-09-28,2024-10-12,2024-10-06
1362,250,241,2024-08-16,2024-08-30,2024-08-18
1363,946,218,2023-12-10,2023-12-24,2023-12-10
1364,228,207,2025-03-07,2025-03-21,2025-03-15
1365,937,170,2024-12-09,2024-12-23,2024-12-09
1366,701,110,2024-03-07,2024-03-21,
1367,1079,241,2024-06-12,2024-06-26,2024-06-22
1368,925,203,2025-04-08,2025-04-22,2025-04-21
1369,432,104,2023-12-06,2023-12-20,2023-12-07
1370,1029,146,2024-10-05,2024-10-19,2024-10-13
1371,994,138,2024-08-23,2024-09-06,
1372,343,177,2025-04-19,2025-05-03,2025-05-01
1373,1193,288,2024-09-07,2024-09-21,2024-09-09
1374,301,253,2025-07-04,2025-07-18,
1375,780,131,2025-02-28,2025-03-14,
1376,404,243,2025-08-15,2025-08-29,2025-08-23
1377,845,236,2025-06-20,2025-07-04,2025-07-02
1378,619,279,2024-09-04,2024-09-18,2024-09-17
1379,513,103,2023-12-30,2024-01-13,2023-12-30
1380,633,181,2024-09-12,2024-09-26,2024-09-13
1381,1033,119,2025-03-25,2025-04-08,2025-03-31
1382,1135,113,2025-07-12,2025-07-26,
1383,692,150,2024-10-14,2024-10-28,2024-10-24
1384,572,203,2024-05-19,2024-06-02,
1385,841,149,2024-10-01,2024-10-15,
1386,206,163,2024-01-26,2024-02-09,2024-02-07
1387,495,178,2023-09-25,2023-10-09,2023-09-26
1388,1096,222,2023-11-03,2023-11-17,
1389,1156,271,2024-10-20,2024-11-03,2024-10-23
1390,554,289,2024-01-01,2024-01-15,
1391,1152,180,2023-09-20,2023-10-04,
1392,473,280,2025-06-05,2025-06-19,2025-06-07
1393,1136,282,2025-03-02,2025-03-16,2025-03-15
1394,785,209,2025-01-20,2025-02-03,
1395,437,224,2024-09-14,2024-09-28,
1396,222,105,2024-07-08,2024-07-22,2024-07-17
1397,273,209,2025-01-07,2025-01-21,2025-01-13
1398,651,111,2023-09-27,2023-10-11,2023-10-09
1399,279,296,2025-03-03,2025-03-17,2025-03-16
1400,1110,197,2024-04-08,2024-04-22,2024-04-19
1401,1105,214,2024-04-06,2024-04-20,2024-04-12
1402,1189,222,2025-05-31,2025-06-14,2025-06-03
1403,1192,162,2025-03-03,2025-03-17,
1404,353,151,2024-12-11,2024-12-25,2024-12-16
1405,1032,185,2025-07-03,2025-07-17,
1406,861,288,2024-12-12,2024-12-26,2024-12-18
1407,949,288,2024-02-27,2024-03-12,2024-03-02
1408,527,167,2025-03-17,2025-03-31,2025-03-17
1409,1000,291,2025-06-18,2025-07-02,
1410,1153,179,2025-02-28,2025-03-14,2025-03-07
1411,364,230,2024-09-11,2024-09-25,2024-09-15
1412,1090,212,2024-01-03,2024-01-17,2024-01-05
1413,1190,275,2025-02-03,2025-02-17,2025-02-11
1414,968,199,2024-09-26,2024-10-10,2024-10-06
1415,303,126,2023-09-13,2023-09-27,2023-09-15
1416,496,115,2025-01-20,2025-02-03,2025-01-26
1417,1114,157,2024-01-28,2024-02-11,2024-02-02
1418,851,240,2024-05-12,2024-05-26,
1419,276,173,2024-07-14,2024-07-28,
1420,1156,153,2023-09-07,2023-09-21,
1421,1190,274,2024-11-22,2024-12-06,2024-11-22
1422,588,222,2023-10-23,2023-11-06,2023-10-29
1423,732,206,2024-07-05,2024-07-19,
1424,650,114,2024-12-02,2024-12-16,2024-12-03
1425,219,236,2025-02-18,2025-03-04,2025-02-20
1426,226,287,2023-09-22,2023-10-06,2023-10-02
1427,846,191,2024-01-28,2024-02-11,2024-01-29
1428,1010,186,2025-03-23,2025-04-06,2025-03-29
1429,238,294,2024-08-04,2024-08-18,
1430,650,214,2024-03-16,2024-03-30,2024-03-26
1431,840,170,2024-08-09,2024-08-23,2024-08-15
1432,741,236,2025-01-17,2025-01-31,2025-01-25
1433,784,298,2024-11-28,2024-12-12,2024-12-05
1434,538,181,2025-01-26,2025-02-09,
1435,811,272,2025-06-09,2025-06-23,2025-06-13
1436,1014,148,2024-08-13,2024-08-27,2024-08-18
1437,1198,135,2023-10-04,2023-10-18,
1438,557,210,2024-02-12,2024-02-26,2024-02-16
1439,437,220,2025-09-02,2025-09-16,2025-09-04
1440,1148,221,2025-05-10,2025-05-24,2025-05-19
1441,869,141,2023-10-12,2023-10-26,2023-10-22
1442,1091,211,2024-06-20,2024-07-04,
1443,903,137,2024-05-29,2024-06-12,2024-05-31
1444,286,111,2024-03-07,2024-03-21,2024-03-13
1445,447,203,2024-11-13,2024-11-27,
1446,772,193,2024-05-18,2024-06-01,
1447,832,147,2025-08-11,2025-08-25,
1448,630,259,2024-02-19,2024-03-04,2024-02-20
1449,615,271,2024-09-26,2024-10-10,2024-10-05
1450,281,156,2024-06-21,2024-07-05,2024-06-28
1451,643,134,2025-05-18,2025-06-01,2025-05-27
1452,651,165,2023-11-05,2023-11-19,2023-11-12
1453,1157,171,2024-12-27,2025-01-10,2024-12-31
1454,719,232,2025-04-26,2025-05-10,2025-04-29
1455,1173,199,2024-11-07,2024-11-21,
1456,1131,178,2024-04-16,2024-04-30,2024-04-19
1457,589,128,2024-05-18,2024-06-01,2024-05-24
1458,466,199,2024-11-22,2024-12-06,2024-11-29
1459,1155,140,2024-01-10,2024-01-24,2024-01-14
1460,204,146,2024-07-02,2024-07-16,2024-07-15
1461,705,139,2025-08-22,2025-09-05,2025-08-23
1462,845,182,2024-01-13,2024-01-27,2024-01-23
1463,648,110,2023-11-15,2023-11-29,2023-11-28
1464,613,174,2024-02-26,2024-03-11,2024-02-26
1465,465,127,2024-10-05,2024-10-19,2024-10-08
1466,1182,177,2023-09-06,2023-09-20,2023-09-18
1467,905,286,2025-05-13,2025-05-27,2025-05-26
1468,964,152,2024-08-05,2024-08-19,
1469,873,177,2024-12-20,2025-01-03,
1470,237,102,2024-01-01,2024-01-15,2024-01-03
1471,1114,128,2024-01-12,2024-01-26,
1472,797,177,2024-08-27,2024-09-10,2024-08-29
1473,981,145,2025-03-19,2025-04-02,2025-03-27
1474,772,242,2025-03-12,2025-03-26,2025-03-14
1475,554,111,2025-01-13,2025-01-27,2025-01-22
1476,471,242,2024-11-13,2024-11-27,2024-11-18
1477,831,155,2023-10-05,2023-10-19,2023-10-16
1478,275,215,2024-05-06,2024-05-20,2024-05-10
1479,559,138,2025-05-16,2025-05-30,
1480,447,196,2024-12-27,2025-01-10,2024-12-31
1481,1005,104,2025-01-08,2025-01-22,2025-01-12
1482,599,126,2024-10-30,2024-11-13,2024-11-02
1483,792,112,2024-07-26,2024-08-09,2024-07-29
1484,970,102,2024-03-29,2024-04-12,2024-04-06
1485,521,138,2024-09-14,2024-09-28,
1486,533,242,2025-08-16,2025-08-30,
1487,448,235,2023-12-10,2023-12-24,2023-12-20
1488,1196,237,2025-02-11,2025-02-25,
1489,1095,132,2024-10-24,2024-11-07,
1490,878,119,2023-10-25,2023-11-08,2023-10-30
1491,865,125,2023-10-11,2023-10-25,2023-10-14
1492,510,173,2024-08-03,2024-08-17,2024-08-15
1493,1193,272,2024-05-02,2024-05-16,2024-05-04
1494,959,167,2024-01-29,2024-02-12,2024-02-03
1495,952,296,2024-09-23,2024-10-07,
1496,885,193,2025-07-05,2025-07-19,
1497,509,276,2025-01-12,2025-01-26,2025-01-20
1498,905,292,2024-07-13,2024-07-27,2024-07-25
1499,283,250,2023-11-09,2023-11-23,2023-11-17
1500,1195,155,2023-09-13,2023-09-27,2023-09-20
1501,324,243,2023-11-24,2023-12-08,
1502,787,277,2025-08-08,2025-08-22,2025-08-18
1503,416,152,2025-08-11,2025-08-25,2025-08-16
1504,279,229,2025-05-02,2025-05-16,
1505,305,242,2023-10-12,2023-10-26,
1506,420,196,2025-05-06,2025-05-20,2025-05-06
1507,888,249,2024-06-16,2024-06-30,2024-06-20
1508,1085,221,2023-09-14,2023-09-28,
1509,917,265,2025-05-02,2025-05-16,
1510,1078,293,2024-02-02,2024-02-16,2024-02-06
1511,653,239,2024-05-23,2024-06-06,2024-05-27
1512,213,259,2024-08-06,2024-08-20,2024-08-10
1513,721,135,2024-03-17,2024-03-31,2024-03-23
1514,535,273,2025-03-23,2025-04-06,2025-03-24
1515,753,224,2024-03-25,2024-04-08,
1516,778,177,2023-11-17,2023-12-01,2023-11-26
1517,845,234,2025-07-09,2025-07-23,2025-07-18
1518,367,200,2024-12-31,2025-01-14,2025-01-04
1519,1072,285,2024-12-15,2024-12-29,2024-12-18
1520,891,238,2025-01-19,2025-02-02,2025-01-21
1521,1065,105,2025-07-13,2025-07-27,
1522,820,288,2025-01-09,2025-01-23,2025-01-14
1523,837,249,2025-07-12,2025-07-26,2025-07-21
1524,708,219,2025-06-08,2025-06-22,2025-06-15
1525,261,215,2023-10-11,2023-10-25,2023-10-13
1526,1056,261,2023-12-30,2024-01-13,2024-01-04
1527,636,160,2024-04-26,2024-05-10,
1528,891,252,2024-06-17,2024-07-01,2024-06-28
1529,294,173,2024-03-02,2024-03-16,2024-03-07
1530,1103,128,2024-09-03,2024-09-17,2024-09-15
1531,965,256,2023-11-16,2023-11-30,2023-11-24
1532,1087,187,2024-02-14,2024-02-28,2024-02-20
1533,830,145,2023-11-08,2023-11-22,2023-11-20
1534,959,223,2025-05-05,2025-05-19,
1535,326,132,2025-03-31,2025-04-14,
1536,417,298,2025-03-25,2025-04-08,2025-03-31
1537,1130,248,2023-12-08,2023-12-22,2023-12-11
1538,235,146,2024-10-01,2024-10-15,2024-10-09
1539,980,290,2025-07-25,2025-08-08,2025-07-30
1540,844,202,2024-12-11,2024-12-25,
1541,254,231,2023-11-22,2023-12-06,2023-11-24
1542,979,164,2024-09-18,2024-10-02,2024-09-20
1543,1141,222,2025-02-15,2025-03-01,2025-02-20
1544,763,296,2023-11-27,2023-12-11,2023-12-09
1545,292,256,2024-07-01,2024-07-15,2024-07-02
1546,338,213,2024-06-05,2024-06-19,
1547,534,112,2024-06-24,2024-07-08,
1548,968,114,2025-05-24,2025-06-07,2025-05-29
1549,1018,116,2023-09-05,2023-09-19,2023-09-07
1550,852,127,2024-09-06,2024-09-20,2024-09-16
1551,485,261,2025-08-17,2025-08-31,2025-08-23
1552,1059,188,2024-05-04,2024-05-18,2024-05-13
1553,1089,139,2023-12-12,2023-12-26,2023-12-12
1554,704,164,2025-06-05,2025-06-19,
1555,744,141,2025-04-20,2025-05-04,2025-04-20
1556,369,276,2023-12-21,2024-01-04,2023-12-26
1557,355,162,2025-02-06,2025-02-20,2025-02-11
1558,616,248,2024-06-15,2024-06-29,2024-06-16
1559,835,218,2023-09-05,2023-09-19,
1560,507,177,2024-07-24,2024-08-07,2024-08-06
1561,677,245,2023-10-15,2023-10-29,
1562,560,273,2023-12-02,2023-12-16,2023-12-03
1563,539,111,2023-11-26,2023-12-10,
1564,820,103,2024-07-20,2024-08-03,
1565,950,113,2025-03-24,2025-04-07,2025-04-02
1566,682,243,2023-11-26,2023-12-10,
1567,714,287,2024-07-08,2024-07-22,2024-07-18
1568,948,168,2024-07-10,2024-07-24,2024-07-18
1569,555,216,2024-06-25,2024-07-09,2024-07-05
1570,212,111,2024-11-27,2024-12-11,2024-11-29
1571,569,209,2024-04-30,2024-05-14,
1572,756,165,2025-01-16,2025-01-30,2025-01-27
1573,385,261,2023-09-30,2023-10-14,
1574,1031,140,2023-12-25,2024-01-08,
1575,475,191,2025-01-30,2025-02-13,2025-02-04
1576,974,240,2024-09-18,2024-10-02,
1577,673,134,2025-01-05,2025-01-19,
1578,488,254,2023-10-28,2023-11-11,2023-11-06
1579,912,149,2023-10-19,2023-11-02,2023-11-01
1580,525,173,2024-06-03,2024-06-17,2024-06-12
1581,649,267,2025-04-27,2025-05-11,
1582,226,230,2025-06-17,2025-07-01,
1583,1196,140,2025-08-03,2025-08-17,2025-08-11
1584,1175,243,2025-06-13,2025-06-27,2025-06-20
1585,492,264,2023-09-30,2023-10-14,
1586,405,203,2025-01-06,2025-01-20,2025-01-19
1587,979,254,2025-01-16,2025-01-30,2025-01-21
1588,972,285,2025-08-30,2025-09-13,2025-09-06
1589,1173,239,2024-03-03,2024-03-17,
1590,1092,184,2025-05-20,2025-06-03,2025-05-30
1591,496,162,2025-04-07,2025-04-21,2025-04-08
1592,494,203,2024-05-15,2024-05-29,2024-05-24
1593,215,203,2025-06-02,2025-06-16,2025-06-04
1594,753,159,2025-06-13,2025-06-27,2025-06-16
1595,909,164,2024-04-19,2024-05-03,2024-04-22
1596,1136,150,2024-07-12,2024-07-26,
1597,325,272,2023-10-10,2023-10-24,
1598,251,259,2025-07-31,2025-08-14,2025-08-12
1599,812,114,2024-03-11,2024-03-25,2024-03-22
1600,397,254,2023-09-14,2023-09-28,
1601,477,178,2025-08-14,2025-08-28,2025-08-15
1602,758,205,2024-09-14,2024-09-28,
1603,495,113,2024-08-07,2024-08-21,2024-08-13
1604,340,123,2025-05-19,2025-06-02,2025-05-20
1605,703,260,2024-02-27,2024-03-12,2024-02-29
1606,281,264,2024-08-03,2024-08-17,
1607,562,300,2024-02-10,2024-02-24,2024-02-17
1608,901,164,2025-01-03,2025-01-17,2025-01-09
1609,370,240,2025-06-19,2025-07-03,2025-06-23
1610,207,268,2024-12-30,2025-01-13,2025-01-04
1611,685,259,2024-05-24,2024-06-07,2024-05-28
1612,574,112,2025-08-06,2025-08-20,2025-08-16
1613,657,230,2023-10-16,2023-10-30,2023-10-23
1614,996,131,2024-09-30,2024-10-14,2024-10-09
1615,1041,195,2023-11-10,2023-11-24,2023-11-20
1616,282,195,2025-08-11,2025-08-25,2025-08-12
1617,1178,276,2024-02-12,2024-02-26,2024-02-20
1618,879,124,2024-04-24,2024-05-08,2024-04-24
1619,798,198,2024-09-07,2024-09-21,2024-09-13
1620,681,124,2024-06-25,2024-07-09,2024-07-02
1621,202,150,2024-02-21,2024-03-06,2024-02-28
1622,576,121,2025-03-08,2025-03-22,2025-03-11
1623,660,269,2023-09-08,2023-09-22,2023-09-18
1624,1122,228,2025-02-11,2025-02-25,
1625,393,250,2025-01-20,2025-02-03,2025-01-21
1626,619,227,2024-01-02,2024-01-16,2024-01-15
1627,903,149,2024-07-11,2024-07-25,2024-07-24
1628,333,235,2023-10-16,2023-10-30,2023-10-27
1629,437,265,2024-02-13,2024-02-27,2024-02-22
1630,996,253,2024-07-08,2024-07-22,2024-07-17
1631,1010,277,2023-10-28,2023-11-11,
1632,228,149,2023-11-25,2023-12-09,2023-11-30
1633,758,223,2025-02-16,2025-03-02,2025-02-23
1634,916,264,2023-12-04,2023-12-18,
1635,1093,107,2025-06-04,2025-06-18,2025-06-17
1636,451,110,2024-11-23,2024-12-07,2024-11-23
1637,509,245,2024-09-09,2024-09-23,2024-09-12
1638,659,273,2024-05-07,2024-05-21,
1639,734,215,2024-02-25,2024-03-10,
1640,1066,206,2023-09-25,2023-10-09,2023-10-04
1641,741,197,2023-11-25,2023-12-09,
1642,711,137,2025-07-12,2025-07-26,2025-07-21
1643,868,273,2023-11-25,2023-12-09,2023-12-03
1644,1009,200,2024-02-02,2024-02-16,2024-02-13
1645,1085,226,2024-08-26,2024-09-09,2024-08-31
1646,887,265,2024-05-30,2024-06-13,2024-06-12
1647,689,154,2023-10-23,2023-11-06,
1648,265,149,2024-05-19,2024-06-02,2024-05-21
1649,1177,109,2024-07-04,2024-07-18,
1650,729,277,2023-10-20,2023-11-03,2023-10-28
1651,661,241,2024-02-27,2024-03-12,
1652,466,153,2023-10-29,2023-11-12,2023-11-05
1653,792,295,2023-12-10,2023-12-24,
1654,354,143,2024-10-27,2024-11-10,
1655,392,159,2024-03-31,2024-04-14,
1656,538,202,2024-09-02,2024-09-16,
1657,309,280,2023-10-09,2023-10-23,2023-10-11
1658,794,291,2024-12-24,2025-01-07,2025-01-03
1659,343,197,2023-12-14,2023-12-28,2023-12-27
1660,1033,260,2025-01-10,2025-01-24,
1661,716,117,2024-11-11,2024-11-25,2024-11-20
1662,1158,228,2023-09-18,2023-10-02,
1663,468,191,2025-02-24,2025-03-10,2025-03-02
1664,1037,224,2024-04-27,2024-05-11,
1665,592,129,2025-01-21,2025-02-04,2025-01-26
1666,426,264,2025-04-18,2025-05-02,2025-04-25
1667,638,286,2025-08-02,2025-08-16,2025-08-07
1668,913,281,2024-04-01,2024-04-15,2024-04-05
1669,895,142,2025-08-23,2025-09-06,
1670,794,132,2024-11-13,2024-11-27,2024-11-25
1671,278,268,2025-06-24,2025-07-08,2025-07-05
1672,223,169,2025-03-21,2025-04-04,2025-03-29
1673,957,192,2024-01-12,2024-01-26,2024-01-24
1674,931,277,2024-06-30,2024-07-14,2024-07-04
1675,746,229,2024-04-05,2024-04-19,2024-04-07
1676,1057,262,2025-03-02,2025-03-16,2025-03-06
1677,1070,159,2024-07-27,2024-08-10,2024-08-08
1678,1192,122,2024-09-23,2024-10-07,
1679,891,204,2024-12-09,2024-12-23,2024-12-13
1680,706,113,2024-01-03,2024-01-17,2024-01-03
1681,913,237,2023-12-02,2023-12-16,2023-12-14
1682,1019,153,2025-05-03,2025-05-17,2025-05-04
1683,778,126,2024-08-13,2024-08-27,2024-08-21
1684,816,239,2024-09-10,2024-09-24,2024-09-10
1685,349,227,2024-06-08,2024-06-22,2024-06-10
1686,1005,170,2024-10-17,2024-10-31,2024-10-29
1687,1199,270,2024-12-14,2024-12-28,2024-12-23
1688,1157,279,2025-07-19,2025-08-02,2025-07-23
1689,1102,158,2025-01-18,2025-02-01,2025-01-21
1690,794,253,2025-02-07,2025-02-21,2025-02-15
1691,381,271,2024-04-24,2024-05-08,
1692,920,200,2025-07-05,2025-07-19,2025-07-14
1693,719,214,2025-05-03,2025-05-17,
1694,265,240,2023-12-17,2023-12-31,2023-12-23
1695,555,217,2025-01-05,2025-01-19,
1696,1170,268,2024-11-06,2024-11-20,2024-11-09
1697,705,194,2024-01-25,2024-02-08,
1698,835,128,2023-11-07,2023-11-21,2023-11-07
1699,899,155,2025-08-20,2025-09-03,
1700,950,136,2025-08-13,2025-08-27,2025-08-19
1701,1116,205,2025-05-24,2025-06-07,2025-05-26
1702,1090,208,2025-07-12,2025-07-26,2025-07-24
1703,948,115,2025-05-20,2025-06-03,
1704,670,194,2024-10-20,2024-11-03,2024-10-30
1705,700,122,2023-12-22,2024-01-05,
1706,215,237,2024-08-17,2024-08-31,2024-08-26
1707,1042,210,2025-07-06,2025-07-20,
1708,852,199,2023-09-10,2023-09-24,
1709,857,121,2025-06-20,2025-07-04,
1710,257,268,2024-01-30,2024-02-13,2024-01-31
1711,865,263,2024-05-28,2024-06-11,2024-06-04
1712,1130,125,2024-07-30,2024-08-13,2024-08-06
1713,509,166,2024-02-01,2024-02-15,2024-02-03
1714,431,209,2024-08-01,2024-08-15,2024-08-07
1715,844,229,2024-03-19,2024-04-02,
1716,396,207,2023-10-03,2023-10-17,2023-10-10
1717,1081,284,2024-01-07,2024-01-21,
1718,595,127,2025-06-08,2025-06-22,
1719,498,273,2024-02-02,2024-02-16,
1720,738,290,2024-05-03,2024-05-17,2024-05-08
1721,222,129,2025-07-08,2025-07-22,2025-07-18
1722,812,218,2025-02-26,2025-03-12,2025-03-01
1723,1148,245,2023-09-09,2023-09-23,2023-09-09
1724,657,213,2025-04-03,2025-04-17,2025-04-08
1725,714,127,2023-09-20,2023-10-04,2023-09-27
1726,604,258,2025-03-28,2025-04-11,2025-03-31
1727,201,190,2023-10-13,2023-10-27,
1728,685,104,2023-11-11,2023-11-25,2023-11-16
1729,422,277,2024-09-24,2024-10-08,2024-09-27
1730,609,103,2024-11-03,2024-11-17,2024-11-13
1731,983,278,2025-01-08,2025-01-22,2025-01-15
1732,859,269,2025-05-31,2025-06-14,2025-06-09
1733,996,134,2023-10-02,2023-10-16,2023-10-05
1734,506,235,2025-01-02,2025-01-16,
1735,771,298,2023-12-30,2024-01-13,2024-01-11
1736,529,181,2025-04-12,2025-04-26,2025-04-15
1737,709,111,2025-03-17,2025-03-31,2025-03-29
1738,1051,126,2025-02-14,2025-02-28,
1739,232,227,2024-09-28,2024-10-12,2024-10-08
1740,329,181,2024-09-25,2024-10-09,
1741,337,126,2025-06-20,2025-07-04,2025-06-30
1742,1004,218,2024-06-17,2024-07-01,2024-06-19
1743,621,130,2024-07-17,2024-07-31,2024-07-24
1744,410,211,2024-05-23,2024-06-06,2024-05-29
1745,678,244,2025-05-19,2025-06-02,2025-05-20
1746,707,217,2024-11-03,2024-11-17,2024-11-03
1747,941,114,2024-03-04,2024-03-18,2024-03-16
1748,1037,114,2024-11-19,2024-12-03,2024-11-29
1749,986,294,2024-05-25,2024-06-08,2024-06-02
1750,835,176,2025-01-14,2025-01-28,2025-01-15
1751,754,178,2024-01-08,2024-01-22,2024-01-10
1752,825,125,2023-10-27,2023-11-10,2023-11-07
1753,464,195,2024-08-16,2024-08-30,
1754,312,133,2025-01-10,2025-01-24,2025-01-21
1755,479,252,2024-12-17,2024-12-31,2024-12-26
1756,869,179,2024-09-06,2024-09-20,2024-09-06
1757,1160,155,2025-05-05,2025-05-19,
1758,458,222,2024-02-02,2024-02-16,2024-02-08
1759,1119,274,2025-02-01,2025-02-15,2025-02-10
1760,262,177,2025-01-11,2025-01-25,2025-01-24
1761,488,156,2024-06-09,2024-06-23,
1762,632,266,2025-01-19,2025-02-02,2025-01-25
1763,730,165,2024-06-26,2024-07-10,2024-07-08
1764,760,212,2025-07-13,2025-07-27,
1765,693,173,2024-01-30,2024-02-13,2024-02-10
1766,586,272,2024-12-05,2024-12-19,2024-12-14
1767,487,176,2025-06-08,2025-06-22,2025-06-17
1768,669,160,2024-08-22,2024-09-05,2024-09-01
1769,668,126,2024-11-22,2024-12-06,2024-11-28
1770,366,186,2024-06-29,2024-07-13,2024-07-05
1771,616,153,2025-07-14,2025-07-28,2025-07-24
1772,288,254,2024-07-14,2024-07-28,
1773,712,267,2024-04-29,2024-05-13,2024-05-02
1774,306,140,2023-09-14,2023-09-28,2023-09-17
1775,821,285,2024-06-23,2024-07-07,2024-07-03
1776,872,235,2023-12-13,2023-12-27,
1777,921,150,2024-10-10,2024-10-24,
1778,564,125,2025-05-03,2025-05-17,2025-05-16
1779,930,143,2023-12-13,2023-12-27,
1780,844,264,2024-01-08,2024-01-22,
1781,1173,292,2023-12-12,2023-12-26,2023-12-14
1782,468,193,2024-01-16,2024-01-30,2024-01-16
1783,1127,119,2025-05-07,2025-05-21,2025-05-16
1784,500,158,2024-07-10,2024-07-24,
1785,1093,188,2025-04-22,2025-05-06,
1786,1141,228,2024-06-29,2024-07-13,2024-07-03
1787,628,154,2024-09-05,2024-09-19,2024-09-12
1788,401,108,2025-07-16,2025-07-30,2025-07-22
1789,640,149,2025-05-08,2025-05-22,2025-05-12
1790,313,208,2024-04-29,2024-05-13,
1791,638,217,2024-10-27,2024-11-10,2024-11-03
1792,772,173,2023-10-09,2023-10-23,2023-10-13
1793,232,260,2023-10-12,2023-10-26,
1794,531,114,2025-08-27,2025-09-10,2025-08-29
1795,1095,105,2024-10-16,2024-10-30,2024-10-28
1796,986,288,2025-04-16,2025-04-30,2025-04-20
1797,358,143,2025-02-24,2025-03-10,2025-03-02
1798,481,200,2024-10-30,2024-11-13,
1799,621,151,2025-01-04,2025-01-18,
1800,1033,125,2024-08-09,2024-08-23,
1801,526,238,2024-05-31,2024-06-14,2024-06-01
1802,1037,291,2024-01-02,2024-01-16,
1803,1058,197,2025-04-26,2025-05-10,
1804,927,173,2024-01-08,2024-01-22,
1805,593,266,2024-03-28,2024-04-11,2024-03-31
1806,398,189,2024-02-09,2024-02-23,2024-02-16
1807,296,155,2024-07-01,2024-07-15,2024-07-10
1808,264,156,2025-06-10,2025-06-24,2025-06-19
1809,529,138,2024-09-17,2024-10-01,2024-09-23
1810,361,222,2024-11-20,2024-12-04,2024-11-24
1811,1178,252,2025-04-19,2025-05-03,2025-04-22
1812,399,139,2023-09-26,2023-10-10,2023-10-06
1813,710,279,2023-10-14,2023-10-28,
1814,548,241,2025-02-05,2025-02-19,2025-02-06
1815,1124,279,2024-08-07,2024-08-21,
1816,234,249,2024-04-30,2024-05-14,
1817,782,191,2024-06-23,2024-07-07,2024-07-01
1818,353,237,2024-07-25,2024-08-08,2024-07-25
1819,421,199,2024-07-22,2024-08-05,2024-08-01
1820,395,164,2025-08-31,2025-09-14,2025-09-03
1821,473,206,2024-05-11,2024-05-25,2024-05-17
1822,794,168,2024-01-11,2024-01-25,2024-01-13
1823,538,131,2025-08-07,2025-08-21,2025-08-13
1824,215,224,2024-04-07,2024-04-21,2024-04-09
1825,589,112,2023-11-24,2023-12-08,2023-12-06
1826,345,105,2023-10-03,2023-10-17,2023-10-03
1827,1039,207,2024-11-08,2024-11-22,2024-11-12
1828,925,102,2024-02-09,2024-02-23,2024-02-13
1829,1145,274,2025-02-28,2025-03-14,2025-03-05
1830,597,290,2024-10-19,2024-11-02,2024-10-23
1831,1076,177,2024-04-04,2024-04-18,2024-04-08
1832,1006,250,2024-10-09,2024-10-23,2024-10-14
1833,335,175,2024-08-22,2024-09-05,2024-09-03
1834,849,202,2024-05-07,2024-05-21,
1835,891,237,2024-09-08,2024-09-22,2024-09-09
1836,611,230,2024-09-26,2024-10-10,2024-09-28
1837,1157,109,2024-05-28,2024-06-11,2024-05-29
1838,733,190,2024-11-27,2024-12-11,2024-12-08
1839,845,202,2024-09-25,2024-10-09,2024-09-28
1840,1071,291,2023-11-21,2023-12-05,2023-12-04
1841,500,265,2024-08-11,2024-08-25,
1842,994,134,2024-10-19,2024-11-02,
1843,1128,282,2023-11-03,2023-11-17,2023-11-06
1844,883,266,2024-03-22,2024-04-05,2024-03-27
1845,301,271,2025-08-14,2025-08-28,
1846,951,138,2024-06-21,2024-07-05,
1847,844,133,2024-02-12,2024-02-26,2024-02-15
1848,1089,125,2024-07-12,2024-07-26,
1849,354,152,2025-06-06,2025-06-20,2025-06-11
1850,614,145,2024-07-23,2024-08-06,2024-07-30
1851,805,152,2023-10-29,2023-11-12,
1852,1075,142,2023-11-04,2023-11-18,2023-11-06
1853,686,228,2025-09-01,2025-09-15,
1854,367,223,2024-05-17,2024-05-31,2024-05-23
1855,916,227,2024-05-17,2024-05-31,
1856,1005,209,2023-10-07,2023-10-21,
1857,569,234,2024-04-08,2024-04-22,2024-04-15
1858,816,249,2025-05-27,2025-06-10,2025-06-08
1859,1157,174,2024-02-11,2024-02-25,2024-02-19
1860,921,108,2025-07-18,2025-08-01,2025-07-20
1861,634,235,2023-11-20,2023-12-04,2023-12-01
1862,695,248,2024-12-09,2024-12-23,2024-12-16
1863,216,173,2024-03-14,2024-03-28,2024-03-26
1864,1108,198,2025-06-11,2025-06-25,2025-06-18
1865,916,111,2025-08-04,2025-08-18,
1866,527,159,2024-12-26,2025-01-09,2025-01-04
1867,594,206,2024-11-15,2024-11-29,2024-11-26
1868,742,299,2024-08-08,2024-08-22,
1869,510,216,2024-12-04,2024-12-18,2024-12-17
1870,325,268,2024-12-17,2024-12-31,2024-12-26
1871,1068,202,2025-04-24,2025-05-08,2025-04-25
1872,964,138,2024-05-16,2024-05-30,2024-05-29
1873,283,249,2024-01-12,2024-01-26,2024-01-21
1874,577,255,2025-02-24,2025-03-10,2025-03-01
1875,807,143,2024-10-26,2024-11-09,
1876,832,157,2024-05-27,2024-06-10,2024-06-02
1877,1195,231,2024-01-10,2024-01-24,2024-01-13
1878,230,271,2025-08-09,2025-08-23,2025-08-12
1879,1140,109,2024-05-04,2024-05-18,
1880,968,103,2023-11-26,2023-12-10,2023-12-04
1881,209,197,2024-07-14,2024-07-28,
1882,858,118,2024-02-18,2024-03-03,2024-02-22
1883,951,300,2023-11-22,2023-12-06,2023-11-29
1884,943,251,2024-06-06,2024-06-20,
1885,456,125,2024-12-23,2025-01-06,
1886,349,202,2024-06-10,2024-06-24,
1887,1073,184,2025-08-24,2025-09-07,2025-08-31
1888,396,215,2024-06-17,2024-07-01,2024-06-26
1889,326,130,2024-03-05,2024-03-19,2024-03-16
1890,665,275,2024-12-31,2025-01-14,2025-01-13
1891,451,178,2025-05-04,2025-05-18,2025-05-08
1892,729,123,2023-10-22,2023-11-05,
1893,1173,139,2024-03-31,2024-04-14,2024-04-12
1894,539,137,2025-07-01,2025-07-15,2025-07-02
1895,1193,154,2025-06-22,2025-07-06,2025-07-04
1896,610,110,2024-04-29,2024-05-13,
1897,541,278,2025-02-20,2025-03-06,2025-02-23
1898,942,289,2025-04-25,2025-05-09,2025-04-26
1899,534,176,2023-09-29,2023-10-13,2023-10-03
1900,671,175,2025-07-19,2025-08-02,2025-07-27
1901,482,116,2025-06-11,2025-06-25,2025-06-22
1902,244,230,2024-03-19,2024-04-02,
1903,960,155,2023-12-23,2024-01-06,2024-01-03
1904,613,255,2023-10-02,2023-10-16,2023-10-07
1905,289,271,2024-11-22,2024-12-06,2024-11-24
1906,299,199,2024-09-18,2024-10-02,
1907,999,223,2024-11-19,2024-12-03,2024-11-29
1908,826,293,2024-07-23,2024-08-06,2024-07-24
1909,413,260,2025-09-03,2025-09-17,2025-09-10
1910,506,237,2024-03-01,2024-03-15,
1911,312,253,2025-07-10,2025-07-24,
1912,650,268,2024-01-13,2024-01-27,
1913,775,113,2025-05-28,2025-06-11,
1914,1044,285,2024-06-10,2024-06-24,2024-06-10
1915,226,262,2024-04-28,2024-05-12,
1916,305,194,2023-09-23,2023-10-07,2023-09-29
1917,624,284,2024-04-27,2024-05-11,2024-05-09
1918,1009,208,2025-07-26,2025-08-09,2025-08-07
1919,735,282,2024-11-12,2024-11-26,2024-11-18
1920,358,262,2024-10-18,2024-11-01,
1921,798,151,2025-01-05,2025-01-19,2025-01-05
1922,411,148,2025-08-06,2025-08-20,2025-08-12
1923,342,285,2025-08-06,2025-08-20,2025-08-08
1924,514,254,2025-02-18,2025-03-04,2025-03-03
1925,1098,198,2023-09-13,2023-09-27,2023-09-15
1926,498,127,2025-05-08,2025-05-22,
1927,606,245,2024-05-01,2024-05-15,2024-05-02
1928,337,275,2025-05-11,2025-05-25,
1929,816,114,2024-03-24,2024-04-07,2024-03-29
1930,1085,276,2024-07-28,2024-08-11,2024-08-10
1931,573,199,2023-11-11,2023-11-25,2023-11-19
1932,556,102,2025-05-07,2025-05-21,
1933,842,192,2023-10-10,2023-10-24,2023-10-15
1934,211,159,2024-11-19,2024-12-03,2024-11-21
1935,394,101,2024-03-26,2024-04-09,2024-04-08
1936,479,252,2024-11-28,2024-12-12,2024-12-07
1937,500,285,2024-12-01,2024-12-15,2024-12-04
1938,930,224,2025-02-24,2025-03-10,2025-02-25
1939,271,261,2024-10-05,2024-10-19,2024-10-11
1940,1035,204,2024-12-02,2024-12-16,2024-12-05
1941,928,240,2023-10-30,2023-11-13,2023-11-05
1942,321,294,2024-03-05,2024-03-19,
1943,773,215,2024-09-28,2024-10-12,2024-10-05
1944,936,268,2024-11-22,2024-12-06,2024-11-29
1945,625,262,2025-06-06,2025-06-20,2025-06-18
1946,468,227,2024-11-13,2024-11-27,2024-11-13
1947,583,146,2025-08-18,2025-09-01,2025-08-28
1948,425,121,2024-01-08,2024-01-22,
1949,887,206,2025-01-13,2025-01-27,2025-01-21
1950,480,123,2024-02-18,2024-03-03,2024-02-18
1951,337,149,2024-09-04,2024-09-18,2024-09-09
1952,273,209,2024-05-16,2024-05-30,2024-05-27
1953,566,186,2024-12-31,2025-01-14,2025-01-08
1954,293,150,2024-02-09,2024-02-23,
1955,422,104,2024-03-26,2024-04-09,
1956,691,296,2024-08-27,2024-09-10,2024-09-03
1957,240,200,2024-04-08,2024-04-22,
1958,1143,271,2024-10-03,2024-10-17,2024-10-03
1959,567,279,2024-05-15,2024-05-29,2024-05-15
1960,440,191,2024-02-16,2024-03-01,2024-02-26
1961,677,276,2025-02-19,2025-03-05,2025-02-26
1962,842,128,2025-06-29,2025-07-13,2025-07-10
1963,708,210,2023-11-15,2023-11-29,
1964,501,116,2025-07-08,2025-07-22,2025-07-08
1965,258,151,2025-01-18,2025-02-01,2025-01-25
1966,586,242,2024-10-21,2024-11-04,2024-10-23
1967,1109,219,2024-05-07,2024-05-21,2024-05-14
1968,216,134,2024-09-18,2024-10-02,2024-09-30
1969,1139,116,2025-03-02,2025-03-16,
1970,264,192,2024-01-13,2024-01-27,2024-01-21
1971,813,168,2024-12-05,2024-12-19,2024-12-14
1972,219,288,2024-04-30,2024-05-14,2024-05-10
1973,540,152,2024-11-05,2024-11-19,2024-11-18
1974,880,224,2024-07-21,2024-08-04,2024-08-03
1975,901,156,2025-01-25,2025-02-08,2025-02-07
1976,1091,168,2025-05-20,2025-06-03,2025-06-02
1977,307,143,2024-02-19,2024-03-04,
1978,1037,102,2024-01-15,2024-01-29,2024-01-22
1979,899,203,2025-04-04,2025-04-18,2025-04-07
1980,1015,127,2024-01-01,2024-01-15,2024-01-08
1981,513,240,2025-05-27,2025-06-10,2025-05-28
1982,795,296,2025-08-07,2025-08-21,2025-08-11
1983,213,292,2025-06-10,2025-06-24,2025-06-21
1984,785,186,2025-05-07,2025-05-21,
1985,659,156,2024-09-26,2024-10-10,
1986,467,291,2024-06-23,2024-07-07,2024-07-05
1987,605,144,2024-09-10,2024-09-24,2024-09-18
1988,513,176,2025-04-29,2025-05-13,
1989,859,256,2025-06-10,2025-06-24,2025-06-13
1990,696,297,2024-01-30,2024-02-13,2024-02-04
1991,555,248,2024-08-25,2024-09-08,
1992,389,117,2025-04-13,2025-04-27,2025-04-18
1993,416,215,2024-02-25,2024-03-10,
1994,512,211,2025-06-18,2025-07-02,
1995,986,106,2025-04-06,2025-04-20,2025-04-06
1996,1084,265,2024-05-13,2024-05-27,2024-05-20
1997,407,243,2025-07-09,2025-07-23,2025-07-11
1998,1125,207,2024-06-20,2024-07-04,2024-06-24
1999,238,177,2024-08-21,2024-09-04,2024-08-23
2000,768,230,2025-07-17,2025-07-31,2025-07-24
2001,483,190,2025-01-07,2025-01-21,2025-01-11
2002,254,218,2024-04-08,2024-04-22,
2003,384,133,2024-06-07,2024-06-21,
2004,593,207,2025-07-31,2025-08-14,2025-08-08
2005,1170,163,2025-02-03,2025-02-17,2025-02-11
2006,555,240,2025-06-23,2025-07-07,2025-07-06
2007,598,229,2025-08-18,2025-09-01,2025-08-23
2008,968,234,2024-05-19,2024-06-02,2024-05-31
2009,1017,152,2024-01-02,2024-01-16,2024-01-10
2010,1019,185,2025-04-09,2025-04-23,2025-04-19
2011,422,162,2025-07-15,2025-07-29,2025-07-20
2012,1111,158,2025-03-25,2025-04-08,2025-03-25
2013,548,113,2025-03-30,2025-04-13,2025-03-31
2014,1022,189,2024-12-31,2025-01-14,2025-01-02
2015,909,244,2024-12-28,2025-01-11,2025-01-02
2016,1119,104,2024-07-31,2024-08-14,2024-08-05
2017,234,268,2024-01-30,2024-02-13,
2018,1023,148,2024-05-06,2024-05-20,2024-05-11
2019,947,144,2025-08-18,2025-09-01,2025-08-24
2020,644,195,2023-10-16,2023-10-30,
2021,1087,157,2024-11-21,2024-12-05,2024-11-27
2022,594,126,2025-01-24,2025-02-07,2025-01-29
2023,786,139,2024-10-02,2024-10-16,2024-10-05
2024,927,300,2024-02-27,2024-03-12,2024-03-10
2025,417,181,2024-11-26,2024-12-10,2024-12-04
2026,1014,234,2024-01-29,2024-02-12,
2027,1034,108,2023-10-29,2023-11-12,2023-11-03
2028,933,210,2024-04-02,2024-04-16,2024-04-13
2029,431,154,2024-03-24,2024-04-07,2024-04-05
2030,399,204,2024-01-07,2024-01-21,2024-01-08
2031,598,246,2023-10-25,2023-11-08,2023-10-28
2032,802,151,2025-04-17,2025-05-01,2025-04-30
2033,384,208,2025-02-14,2025-02-28,2025-02-22
2034,726,113,2024-01-19,2024-02-02,2024-02-01
2035,309,244,2025-08-22,2025-09-05,2025-09-01
2036,382,172,2025-05-01,2025-05-15,2025-05-07
2037,607,198,2024-04-19,2024-05-03,
2038,686,156,2024-10-06,2024-10-20,2024-10-10
2039,329,297,2023-10-18,2023-11-01,
2040,432,202,2024-05-19,2024-06-02,2024-05-23
2041,943,126,2023-12-16,2023-12-30,2023-12-25
2042,800,256,2024-08-22,2024-09-05,2024-08-26
2043,891,272,2025-03-05,2025-03-19,2025-03-09
2044,770,254,2024-02-12,2024-02-26,2024-02-21
2045,560,262,2024-05-29,2024-06-12,
2046,592,115,2024-01-21,2024-02-04,2024-02-03
2047,1157,172,2023-12-04,2023-12-18,2023-12-13
2048,757,162,2023-10-12,2023-10-26,2023-10-20
2049,390,105,2023-10-13,2023-10-27,2023-10-25
2050,687,212,2025-01-16,2025-01-30,
2051,468,174,2025-01-07,2025-01-21,2025-01-14
2052,1133,230,2025-07-13,2025-07-27,2025-07-22
2053,670,119,2025-04-22,2025-05-06,2025-05-04
2054,806,295,2025-07-11,2025-07-25,
2055,1017,300,2025-02-14,2025-02-28,
2056,310,102,2023-11-14,2023-11-28,
2057,343,242,2024-09-21,2024-10-05,2024-09-21
2058,1134,102,2024-01-18,2024-02-01,2024-01-21
2059,967,146,2024-06-20,2024-07-04,2024-07-03
2060,956,265,2023-10-17,2023-10-31,2023-10-24
2061,660,107,2024-02-25,2024-03-10,2024-03-02
2062,906,242,2024-11-04,2024-11-18,
2063,225,180,2024-08-10,2024-08-24,2024-08-10
2064,1093,172,2025-01-05,2025-01-19,2025-01-10
2065,460,231,2023-10-03,2023-10-17,
2066,835,121,2025-06-25,2025-07-09,2025-06-27
2067,532,180,2025-08-25,2025-09-08,
2068,325,191,2024-05-16,2024-05-30,
2069,269,184,2024-10-16,2024-10-30,2024-10-28
2070,821,214,2024-12-31,2025-01-14,2024-12-31
2071,275,181,2023-10-13,2023-10-27,2023-10-25
2072,314,295,2025-06-03,2025-06-17,2025-06-06
2073,1142,126,2024-01-01,2024-01-15,2024-01-05
2074,469,115,2024-10-04,2024-10-18,2024-10-08
2075,450,220,2024-08-01,2024-08-15,2024-08-05
2076,1126,165,2025-06-05,2025-06-19,
2077,545,163,2024-07-22,2024-08-05,
2078,1179,163,2023-10-15,2023-10-29,
2079,630,280,2024-07-31,2024-08-14,2024-07-31
2080,1001,171,2024-01-25,2024-02-08,
2081,969,154,2024-08-20,2024-09-03,
2082,443,111,2024-01-18,2024-02-01,2024-01-29
2083,739,187,2024-01-06,2024-01-20,
2084,277,101,2024-11-16,2024-11-30,2024-11-19
2085,466,206,2025-01-28,2025-02-11,
2086,1113,291,2024-12-06,2024-12-20,
2087,305,295,2024-02-15,2024-02-29,2024-02-21
2088,918,257,2024-01-31,2024-02-14,2024-02-12
2089,1063,265,2025-02-28,2025-03-14,2025-03-01
2090,1006,233,2024-06-30,2024-07-14,2024-07-03
2091,1102,259,2024-09-05,2024-09-19,
2092,1128,115,2025-07-18,2025-08-01,2025-07-20
2093,484,137,2025-04-13,2025-04-27,2025-04-19
2094,909,113,2024-12-27,2025-01-10,
2095,415,164,2023-09-18,2023-10-02,2023-10-01
2096,737,121,2024-12-27,2025-01-10,2025-01-03
2097,698,229,2024-11-23,2024-12-07,2024-11-30
2098,1001,260,2025-05-07,2025-05-21,2025-05-17
2099,989,218,2025-08-22,2025-09-05,2025-08-27
2100,1054,196,2024-03-06,2024-03-20,2024-03-09
2101,684,193,2024-12-30,2025-01-13,2025-01-05
2102,1177,241,2024-11-25,2024-12-09,2024-12-08
2103,605,204,2023-12-17,2023-12-31,
2104,285,231,2025-05-22,2025-06-05,2025-05-24
2105,713,289,2024-09-23,2024-10-07,2024-10-02
2106,556,123,2023-11-04,2023-11-18,
2107,1137,208,2024-04-28,2024-05-12,
2108,1106,203,2023-12-29,2024-01-12,2024-01-08
2109,671,166,2024-10-18,2024-11-01,2024-10-29
2110,792,248,2024-02-23,2024-03-08,2024-02-27
2111,1182,117,2023-11-11,2023-11-25,
2112,331,147,2024-12-01,2024-12-15,2024-12-10
2113,1061,103,2024-05-11,2024-05-25,2024-05-14
2114,342,276,2024-11-13,2024-11-27,2024-11-25
2115,659,191,2024-01-02,2024-01-16,2024-01-12
2116,1165,229,2023-10-11,2023-10-25,2023-10-19
2117,977,194,2025-05-27,2025-06-10,2025-06-07
2118,609,244,2023-11-02,2023-11-16,2023-11-12
2119,550,242,2023-12-27,2024-01-10,2024-01-06
2120,827,202,2023-09-08,2023-09-22,
2121,688,201,2025-03-12,2025-03-26,2025-03-21
2122,470,210,2023-12-03,2023-12-17,2023-12-10
2123,464,152,2024-03-06,2024-03-20,2024-03-10
2124,712,287,2023-10-09,2023-10-23,2023-10-17
2125,682,283,2024-12-07,2024-12-21,2024-12-17
2126,231,211,2023-12-28,2024-01-11,
2127,581,234,2025-06-04,2025-06-18,2025-06-14
2128,243,268,2023-10-03,2023-10-17,
2129,745,299,2025-04-13,2025-04-27,
2130,641,147,2024-09-03,2024-09-17,
2131,454,214,2023-12-05,2023-12-19,2023-12-16
2132,258,227,2023-11-20,2023-12-04,
2133,1045,286,2024-12-20,2025-01-03,2025-01-02
2134,1199,260,2023-09-18,2023-10-02,2023-09-25
2135,887,105,2024-05-16,2024-05-30,
2136,1068,224,2025-05-25,2025-06-08,2025-06-02
2137,675,270,2024-03-15,2024-03-29,
2138,335,136,2024-07-11,2024-07-25,2024-07-22
2139,856,129,2024-09-02,2024-09-16,2024-09-07
2140,885,257,2023-10-24,2023-11-07,
2141,1029,194,2025-07-26,2025-08-09,2025-08-02
2142,795,189,2024-11-13,2024-11-27,
2143,718,135,2024-04-12,2024-04-26,
2144,1165,189,2024-10-20,2024-11-03,
2145,1113,197,2024-12-20,2025-01-03,2024-12-29
2146,400,276,2023-11-06,2023-11-20,2023-11-18
2147,971,181,2025-05-05,2025-05-19,2025-05-16
2148,539,112,2023-10-15,2023-10-29,2023-10-24
2149,254,285,2025-06-06,2025-06-20,2025-06-13
2150,656,261,2025-08-22,2025-09-05,2025-08-24
2151,661,259,2025-06-10,2025-06-24,
2152,209,191,2025-01-28,2025-02-11,
2153,299,284,2023-09-26,2023-10-10,2023-10-02
2154,666,116,2025-03-07,2025-03-21,2025-03-17
2155,778,180,2024-02-07,2024-02-21,2024-02-07
2156,573,190,2025-08-16,2025-08-30,2025-08-27
2157,920,159,2025-01-03,2025-01-17,
2158,765,200,2023-12-02,2023-12-16,
2159,1091,263,2025-05-16,2025-05-30,2025-05-29
2160,918,108,2023-10-14,2023-10-28,2023-10-25
2161,368,158,2024-01-04,2024-01-18,
2162,634,134,2025-02-17,2025-03-03,
2163,378,116,2025-05-23,2025-06-06,2025-05-28
2164,983,222,2024-03-01,2024-03-15,2024-03-13
2165,226,290,2024-08-03,2024-08-17,2024-08-06
2166,496,296,2024-05-06,2024-05-20,2024-05-07
2167,474,217,2024-01-20,2024-02-03,2024-02-01
2168,851,250,2025-07-15,2025-07-29,
2169,744,223,2025-02-23,2025-03-09,2025-03-04
2170,596,245,2024-09-06,2024-09-20,2024-09-09
2171,1196,135,2023-11-07,2023-11-21,2023-11-14
2172,298,151,2024-02-27,2024-03-12,
2173,1009,109,2024-09-26,2024-10-10,2024-10-01
2174,296,244,2024-10-28,2024-11-11,2024-11-04
2175,605,148,2024-05-29,2024-06-12,2024-06-05
2176,352,183,2024-01-31,2024-02-14,2024-02-04
2177,1132,208,2024-11-20,2024-12-04,2024-12-03
2178,800,241,2024-04-19,2024-05-03,2024-04-19
2179,202,160,2025-03-06,2025-03-20,2025-03-09
2180,1171,259,2024-01-18,2024-02-01,2024-01-28
2181,1070,241,2025-07-03,2025-07-17,2025-07-10
2182,374,228,2025-06-22,2025-07-06,2025-06-24
2183,1057,235,2025-07-23,2025-08-06,2025-07-23
2184,631,243,2024-03-15,2024-03-29,2024-03-19
2185,453,180,2023-09-22,2023-10-06,2023-09-30
2186,622,298,2025-02-27,2025-03-13,2025-03-02
2187,657,105,2025-01-10,2025-01-24,
2188,422,212,2023-12-07,2023-12-21,2023-12-11
2189,977,278,2025-08-22,2025-09-05,2025-08-30
2190,1163,174,2024-05-23,2024-06-06,
2191,697,274,2025-02-26,2025-03-12,
2192,805,258,2025-01-07,2025-01-21,2025-01-17
2193,440,274,2024-03-23,2024-04-06,2024-03-26
2194,1030,225,2025-02-14,2025-02-28,
2195,704,202,2025-01-25,2025-02-08,2025-01-30
2196,742,202,2025-06-17,2025-07-01,2025-06-29
2197,1187,165,2025-08-03,2025-08-17,2025-08-15
2198,353,283,2024-06-29,2024-07-13,2024-07-04
2199,821,196,2024-03-14,2024-03-28,2024-03-24
2200,929,295,2023-12-31,2024-01-14,2024-01-11
2201,959,207,2023-09-10,2023-09-24,
2202,797,225,2024-07-21,2024-08-04,2024-07-27
2203,798,270,2025-02-24,2025-03-10,
2204,924,105,2025-06-09,2025-06-23,2025-06-17
2205,449,188,2023-12-10,2023-12-24,2023-12-17
2206,1033,295,2024-12-13,2024-12-27,2024-12-14
2207,977,232,2024-08-26,2024-09-09,2024-09-04
2208,547,249,2024-06-12,2024-06-26,2024-06-19
2209,819,285,2024-04-25,2024-05-09,
2210,288,228,2025-05-29,2025-06-12,2025-06-06
2211,721,226,2023-11-06,2023-11-20,
2212,852,210,2024-07-01,2024-07-15,
2213,630,297,2023-09-13,2023-09-27,2023-09-24
2214,500,227,2024-06-05,2024-06-19,2024-06-06
2215,871,220,2024-04-01,2024-04-15,
2216,288,183,2025-01-20,2025-02-03,2025-01-28
2217,869,240,2024-08-01,2024-08-15,
2218,265,230,2024-12-08,2024-12-22,2024-12-11
2219,1162,281,2025-04-04,2025-04-18,2025-04-09
2220,627,286,2023-12-08,2023-12-22,2023-12-21
2221,780,195,2024-08-30,2024-09-13,
2222,711,175,2024-01-25,2024-02-08,
2223,909,178,2024-07-07,2024-07-21,2024-07-13
2224,810,134,2025-02-25,2025-03-11,
2225,743,179,2023-12-03,2023-12-17,2023-12-16
2226,289,246,2024-07-04,2024-07-18,
2227,865,150,2025-01-16,2025-01-30,2025-01-18
2228,834,167,2025-08-28,2025-09-11,2025-09-10
2229,574,165,2024-05-10,2024-05-24,2024-05-10
2230,241,269,2024-06-30,2024-07-14,
2231,413,146,2025-06-24,2025-07-08,2025-07-02
2232,700,152,2025-02-01,2025-02-15,2025-02-05
2233,514,136,2024-03-19,2024-04-02,2024-03-21
2234,326,281,2024-02-09,2024-02-23,2024-02-19
2235,922,160,2025-06-09,2025-06-23,
2236,353,170,2024-08-02,2024-08-16,
2237,876,275,2023-09-09,2023-09-23,2023-09-09
2238,963,259,2024-04-29,2024-05-13,
2239,666,117,2024-10-09,2024-10-23,2024-10-20
2240,704,265,2023-11-17,2023-12-01,2023-11-25
2241,801,161,2024-04-19,2024-05-03,
2242,391,269,2024-08-15,2024-08-29,
2243,1111,216,2025-03-30,2025-04-13,
2244,531,277,2023-10-09,2023-10-23,2023-10-09
2245,262,293,2024-09-18,2024-10-02,
2246,672,297,2025-01-18,2025-02-01,
2247,755,205,2024-09-14,2024-09-28,2024-09-24
2248,315,190,2025-05-10,2025-05-24,
2249,471,170,2023-11-24,2023-12-08,2023-11-30
2250,1073,145,2025-04-22,2025-05-06,2025-04-30
2251,379,126,2024-03-22,2024-04-05,2024-03-25
2252,607,230,2025-06-03,2025-06-17,2025-06-12
2253,247,262,2024-08-09,2024-08-23,
2254,345,184,2025-05-09,2025-05-23,
2255,676,200,2024-12-05,2024-12-19,
2256,1161,235,2025-02-06,2025-02-20,
2257,1113,139,2025-03-15,2025-03-29,
2258,686,103,2024-03-19,2024-04-02,2024-03-28
2259,511,146,2025-02-19,2025-03-05,2025-03-04
2260,469,110,2024-05-30,2024-06-13,
2261,828,257,2025-01-18,2025-02-01,2025-01-18
2262,320,240,2024-02-08,2024-02-22,
2263,796,207,2024-08-30,2024-09-13,2024-09-12
2264,1054,207,2023-10-15,2023-10-29,
2265,1200,102,2023-09-14,2023-09-28,2023-09-22
2266,1058,164,2025-01-18,2025-02-01,2025-01-24
2267,933,266,2025-08-26,2025-09-09,2025-09-07
2268,1184,248,2025-06-23,2025-07-07,2025-06-25
2269,606,190,2023-09-30,2023-10-14,2023-10-01
2270,654,262,2024-09-29,2024-10-13,2024-10-05
2271,1093,280,2024-09-13,2024-09-27,2024-09-21
2272,475,211,2025-07-19,2025-08-02,2025-07-20
2273,571,170,2025-03-05,2025-03-19,
2274,710,109,2024-04-21,2024-05-05,2024-04-24
2275,451,128,2023-10-30,2023-11-13,
2276,662,181,2024-11-10,2024-11-24,
2277,973,125,2025-05-08,2025-05-22,
2278,1058,136,2024-10-03,2024-10-17,2024-10-04
2279,723,276,2024-06-24,2024-07-08,2024-07-03
2280,1040,122,2024-12-28,2025-01-11,2025-01-08
2281,474,140,2024-04-20,2024-05-04,2024-04-26
2282,359,256,2024-06-18,2024-07-02,2024-06-21
2283,864,132,2024-12-25,2025-01-08,2024-12-28
2284,384,219,2023-12-05,2023-12-19,2023-12-12
2285,923,266,2025-05-15,2025-05-29,2025-05-20
2286,936,182,2024-01-26,2024-02-09,2024-02-06
2287,773,252,2024-06-30,2024-07-14,
2288,237,267,2025-06-18,2025-07-02,2025-06-24
2289,465,217,2024-04-12,2024-04-26,2024-04-17
2290,407,275,2024-02-06,2024-02-20,
2291,553,196,2025-01-27,2025-02-10,2025-02-04
2292,318,231,2023-11-11,2023-11-25,2023-11-15
2293,1176,176,2024-07-29,2024-08-12,
2294,1168,115,2024-03-02,2024-03-16,
2295,723,177,2025-08-05,2025-08-19,2025-08-09
2296,351,125,2025-07-22,2025-08-05,
2297,930,222,2025-01-27,2025-02-10,2025-02-01
2298,1141,241,2023-09-29,2023-10-13,2023-10-02
2299,420,265,2025-04-14,2025-04-28,2025-04-16
2300,873,149,2024-03-16,2024-03-30,2024-03-18
